0.127612383926616,81.78495117662482,135.79665306477233,0.3948516845703125,86.91212694932514,125.94954197508817,0.23034578561782837,78.93452625794171,109.74580341739878,0.12757441401481628,116.41089888398287,122.80746638079098,0.21436414122581482,76.50442457384638,110.39220312689993,0.09148597717285156,127.0192424610895,94.42445331974253,0.11950340867042542,76.3896274195571,105.02276884442638,0.24348211288452148,174.68113286949782,177.88439798911722,0.08233404159545898,76.53033186025658,133.5398336328885,0.08768162131309509,112.18965879210239,159.94095264241855,0.1867188811302185,115.72503709607551,159.66255395792803,0.07535135746002197,170.2273773312105,213.9566384400839,0.027503669261932373,99.72518149053079,165.3133169686284,0.09709590673446655,141.80668337335848,259.899884531934,0.07325470447540283,123.81562704242157,262.32941623791646,0.07105275988578796,125.1203069427134,304.3000573777967,0.017772436141967773,88.66644833338401,216.1516597762646,0.02903762459754944,leg
0.6281825935139376,95.62563172574173,158.4232434224526,0.8750386238098145,100.74444485081773,148.97387018463493,0.828144371509552,91.48195318674763,151.10549036167012,0.919583261013031,106.68826567059827,146.91253543363936,0.4449119567871094,78.39275315577882,148.90289009777027,0.8808140754699707,126.80656937773591,163.5242447315023,0.97393798828125,67.96069312188413,170.10989652997327,0.9927165508270264,139.00964046730607,207.38432769181665,0.5298165082931519,88.00212103105241,226.02407255061408,0.9202774167060852,151.75805592815237,223.78867182750184,0.7994035482406616,128.9781859876581,233.53825431853417,0.7257605791091919,124.27501158955496,257.22900271879564,0.6100881099700928,94.11672154289275,257.95438892646524,0.8489190936088562,122.72807317948991,310.39864506702946,0.11424025893211365,100.33178069712125,313.39900985302165,0.17385926842689514,120.23555889203857,309.51133163986503,0.0250624418258667,231.052645078429,290.14039392137346,0.01653003692626953,leg
0.3424297132912804,128.42703496435738,87.4237683960436,0.46063846349716187,133.2876123806846,81.01330471409898,0.58685302734375,125.30383989504804,82.00972442033226,0.3333149254322052,141.06070670636248,76.93390901914367,0.7455358505249023,125.15382878047484,77.1463327370729,0.3924992084503174,181.65812807788183,97.28445208953977,0.7565017938613892,120.80963372256505,91.77029680185281,0.8547413349151611,173.0032597998237,70.33405229739178,0.24883049726486206,130.9476028620501,65.87126616837914,0.29371029138565063,161.74487399683852,141.12762273053715,0.49647974967956543,157.5292090033743,140.5532450991382,0.22777286171913147,195.0395398566695,184.239351146416,0.11447867751121521,175.7244243696042,160.63274576506262,0.08002007007598877,230.99404420370257,267.908379818215,0.10724350810050964,229.61692364763195,267.4720615728356,0.062153369188308716,246.00960104381994,304.8626257751703,0.03225681185722351,223.33558672596973,314.1176453824173,0.02827468514442444,leg
0.7154951060519499,76.97789826745654,70.97061988444644,0.6562933921813965,78.52953899695254,65.2739825415704,0.5561500787734985,71.20979991868313,68.66974292562166,0.5676487684249878,87.81949648133514,61.13438290844632,0.3070228695869446,71.17459486430722,68.9707358987415,0.25101006031036377,113.30401943815357,67.66986772707928,0.8127326369285583,74.7847382660506,77.73649163747113,0.7312315702438354,138.61551841409292,92.5791402735135,0.7522361278533936,69.70330323690571,97.76242326669656,0.9208869934082031,138.10382056329038,98.69959196691848,0.9275726079940796,83.58466597382662,99.03382178874332,0.8412305116653442,113.85110936740031,124.9104006281159,0.9405377507209778,87.36768195601289,127.54552522058154,0.9700788259506226,101.27126493342658,171.9364982634667,0.8101167678833008,87.6280907063169,171.93225905125243,0.7550283074378967,101.52146751314751,220.90305076035082,0.6379133462905884,101.40524541357613,215.9741828413789,0.7257261872291565,leg
0.8109762616017285,88.66280581700664,50.331409617620686,0.7654728889465332,85.56351420480453,42.0798721016613,0.5811508297920227,80.73985177719177,45.10727522438139,0.7555010318756104,88.83587432742584,39.65647656629986,0.3522495925426483,74.19084779019487,45.48255237623876,0.2574218511581421,110.89833775383028,46.544862442907196,0.9439769387245178,87.61604991868313,49.17418483630229,0.9009886980056763,132.1412439012342,70.50330462622736,0.9223257303237915,80.91608188495562,70.3444410390891,0.8686884641647339,109.65929439559523,85.49934416893392,0.9182145595550537,85.63772713627799,74.905730963681,0.9339984655380249,129.82146860560556,79.979782995083,0.9572566747665405,103.42125799869285,86.64949765928989,0.9506964683532715,118.14657129666222,117.62282968958992,0.9798133969306946,102.74505021507176,121.12795462404245,0.9530296325683594,126.95921664108099,158.10911423501338,0.8731124401092529,123.41630393892876,157.0947847477657,0.8726987838745117,leg
0.01078090597601498,101.66757784001095,91.43810643296298,0.003542095422744751,99.19649116723917,88.848873984489,0.004221707582473755,93.78875257440114,89.94029301149837,0.007874637842178345,108.24770797551375,100.17091031204403,0.001728147268295288,89.76902646313383,98.43405341359892,0.010415047407150269,185.85443162732554,104.87485952414428,0.014334797859191895,49.381642026196204,8.22306978099541,0.009541064500808716,109.94303662489361,178.14307899326667,0.007533073425292969,117.74039064399929,195.11227143877676,0.009127587080001831,101.7920646222185,179.28437110514957,0.0045816898345947266,124.05049364854392,182.96728468126824,0.0056149959564208984,59.54309604511188,236.1955991514926,0.03124833106994629,120.76040186306847,211.46643968871598,0.04049175977706909,62.42680234204008,289.05663397525535,0.012867182493209839,15.70077591832974,298.69596132508514,0.01017230749130249,201.595713099617,264.66495499072835,0.004955708980560303,201.39135813434766,264.7722533704706,0.005025267601013184,leg
0.6397336528581732,77.45115821927439,79.42844494771401,0.7344546318054199,78.48619394265262,75.60547706218081,0.7042558193206787,73.34572164928868,76.12736327175037,0.36645132303237915,89.70291790795235,68.69961779405172,0.5012480020523071,106.36649521408378,108.56500469756962,0.0865943431854248,117.5450128340072,73.66494204747538,0.8496496081352234,82.73869377165917,90.38584668348736,0.5907415151596069,146.24006219411177,119.55129719893756,0.7922420501708984,79.27072428543744,118.10891414894668,0.4121786057949066,122.41820101608099,146.1661223771507,0.696607232093811,92.68883731114727,113.89082674850286,0.519322395324707,129.1897903620501,175.56405271537574,0.7535013556480408,135.05217555895854,176.4528267114543,0.6759171485900879,127.80235676450025,208.32732085587915,0.8013157844543457,134.45637031287998,216.4341908020732,0.7987779378890991,126.8776385236807,249.56796252773896,0.8491712808609009,127.06428854381994,246.63209432757785,0.743043065071106,leg
0.4758484083063462,72.98522830473311,85.79835112456682,0.3698727488517761,77.1937329481548,80.57741395230424,0.4748808741569519,67.65568358425037,85.46517219988753,0.32470831274986267,92.18057714083781,79.04524153772496,0.4363754391670227,62.7471923828125,88.62627971960877,0.22625470161437988,106.56637941353054,95.27922455902694,0.6753894090652466,63.090693254879014,107.63083728834813,0.5684497356414795,114.83074143702882,131.34448277811134,0.8541564345359802,62.174818580716504,133.2320098283226,0.5020655393600464,91.21456220456136,137.77037149273468,0.9153225421905518,43.03302096949477,183.36438130775778,0.4737987220287323,104.92170756892935,165.26078992316695,0.8037447929382324,69.68839474689173,169.51654931450634,0.5982223749160767,104.46426450974283,229.92192131072167,0.4274061918258667,66.15352407967535,227.963583385898,0.24001562595367432,86.73320725734132,307.3683564301131,0.08596324920654297,82.38843331541071,307.6327194035749,0.11279624700546265,leg
0.38650233430020947,69.44062348005838,46.25819462282649,0.016055643558502197,62.88305200955284,44.991667632462914,0.01152089238166809,73.16477141027785,45.70265298687531,0.012977302074432373,65.62265180892055,38.11340777326651,0.035345494747161865,75.03669530965011,43.74934690007904,0.02082684636116028,72.71752561576636,47.95589669669185,0.6964020133018494,56.35186874449022,47.023817722899445,0.3568570911884308,87.84966969768362,74.7467694115546,0.43640556931495667,55.126032847838644,68.19556121232445,0.1500682532787323,80.08636296491215,85.84915042387372,0.6283097267150879,75.80287057601988,85.50191797634972,0.2743414044380188,75.84502223864604,89.65970347363661,0.767565131187439,60.45642362958263,80.78172438803351,0.5162234306335449,65.28057588213613,122.05583446220666,0.759463906288147,66.20526740523165,122.37956421848402,0.6240144968032837,62.71766929774897,162.54557449993922,0.653991162776947,64.97873684775506,161.7449155577426,0.6101713180541992,leg
0.21428270725642934,60.242245447774806,24.746049517323538,0.3060113787651062,63.5112836667072,22.293600683546252,0.3018704652786255,56.60526854518787,22.64795563100377,0.3441794514656067,70.51716073477779,20.453352872499696,0.1913958191871643,50.81845888367887,20.025936082179445,0.21741369366645813,90.25595698375184,32.83423486850605,0.44291502237319946,53.35558286436802,39.09476758904958,0.5449346899986267,96.91504689969906,56.37899317166221,0.21585461497306824,50.422956414723686,50.514915852231276,0.2325051724910736,70.56303506695343,50.08323758492674,0.12771791219711304,59.399506090216136,49.72950827750714,0.2566637694835663,98.6817742136202,76.19342729739178,0.18373259902000427,65.99277244003831,85.21648362452882,0.11747047305107117,99.67753488266052,117.79658395492613,0.04733860492706299,68.00351272761127,118.81800254495228,0.028252720832824707,75.65866611347126,160.68783771203186,0.03864648938179016,75.1056537553958,160.12829732338278,0.045903146266937256,leg
0.6750489560996785,34.01843416087823,58.62130487939263,0.49992164969444275,38.51491133990456,54.911041259765625,0.3751387894153595,60.4992610471258,61.312291779870655,0.14828753471374512,51.9283042343674,57.758772141274775,0.5494480133056641,59.468366570973686,61.8189800574158,0.18422362208366394,80.82388792520368,82.01392800891446,0.9394500255584717,62.86986235978539,92.55610959539155,0.8261501789093018,91.13284159263284,112.73092128887251,0.6460850238800049,56.89164692325815,114.22144967758238,0.7069815993309021,84.90031795279063,116.83608177570981,0.34126198291778564,48.04680672137191,129.1292984661889,0.7464045286178589,86.3433155104344,111.98972709447958,0.9436553120613098,67.95942848294627,111.9729928933229,0.885534942150116,77.79639574340347,158.58050394614847,0.9592949748039246,65.71522872271706,156.58075354906373,0.9368324875831604,79.17870844384578,199.48462697782406,0.935041069984436,74.57717717389653,198.86190807772982,0.8521205186843872,leg
0.16788984747493968,64.25918400983403,158.5585419769881,0.11417895555496216,66.06188228622021,153.19750596577092,0.12813818454742432,65.84213791190419,153.7830159821863,0.11303544044494629,68.1528648049915,151.46040860780946,0.17648166418075562,63.71773152035962,152.69615678007966,0.14406630396842957,83.80457065448687,147.52465630319796,0.30649593472480774,59.465855104913985,158.37773423250547,0.21797212958335876,86.97641869927196,154.4457224092595,0.17524918913841248,56.85887318176982,173.01128105430752,0.0946502685546875,61.20381633595271,170.32386987589678,0.21381187438964844,57.6860182943975,169.66276651226593,0.10022774338722229,61.06257754077244,203.3725901800371,0.18992102146148682,56.97022374965802,205.163568281478,0.17160874605178833,66.45935296084632,246.9823993133664,0.12213844060897827,63.24667132782102,247.41340963756994,0.16082963347434998,60.82424653643301,259.4199095254742,0.19165533781051636,58.29479054254317,260.27395048030155,0.2336665391921997,leg
0.7873985907610725,69.09730963206013,92.3059070156706,0.9152097702026367,74.60995982129288,84.62373310489878,0.9585459232330322,62.390964968195235,86.41387405098645,0.868877649307251,86.17598240477565,80.24439533396918,0.7803137302398682,64.59468737650475,86.61412339266172,0.29317498207092285,103.85668565327092,87.82804318439173,0.903716504573822,66.47411895633208,99.08140605525749,0.6716200709342957,125.12415429497509,126.2529751670036,0.882428765296936,60.42478984431999,128.60572013409686,0.7004503011703491,143.0669406044808,136.13868446201667,0.503559410572052,72.22892078444188,130.33178307203005,0.6613715291023254,116.90539052050403,150.57017404281677,0.9848287105560303,86.6278058360059,151.34322467017267,0.95360267162323,111.11989893338097,202.1407606072927,0.9527633190155029,87.19281445217504,202.39598611913303,0.941364049911499,104.54872814133938,256.4373921791403,0.693778932094574,111.43135634841624,257.3320618863236,0.720169723033905,leg
0.8294062000863692,67.59705599179992,95.75333057210604,0.9270265102386475,69.85599502979086,90.58224867290096,0.9088038206100464,64.31773144911236,92.7079197033834,0.8980891704559326,75.00122307803382,88.54252856065328,0.5839552283287048,57.298433177665984,91.87865498464859,0.6803246736526489,82.39713438753952,92.68002639948627,0.9539791345596313,58.27213391255776,102.97573698169991,0.977583110332489,107.55514894478054,113.72567559030733,0.8272183537483215,52.382184930348686,116.0864180627964,0.9049283266067505,108.79925085876704,120.90647359766386,0.934468686580658,64.611813437614,125.87865985321164,0.5858663320541382,82.11451430265078,139.08631736666314,0.9920657873153687,59.72959466481488,140.3118949919823,0.9916160106658936,94.11936659757265,176.17838225012162,0.9739986658096313,44.225183627948695,172.71838355157163,0.9493826627731323,100.37802017152543,226.5078949093355,0.4896899163722992,28.539243468050827,219.5862410133451,0.5209090113639832,leg
0.03590007389292998,76.8077865184977,76.84551788211333,0.047433942556381226,102.3815110499757,64.97871606730303,0.0332489013671875,69.14393206050889,67.53394575898285,0.12658220529556274,89.9313633543972,67.78874378723857,0.018855661153793335,34.50246135548396,59.101800881471156,0.01940310001373291,100.92737220140748,29.15272842585345,0.02707761526107788,-49.89559008279663,35.39967073076894,0.031169116497039795,113.14786324705133,194.39443744110227,0.01656210422515869,0.46635193583566803,210.58842402951728,0.008033424615859985,198.92880332145248,269.6000392334935,0.007739633321762085,63.34939207084449,281.5162332141446,0.006803959608078003,66.61549134013255,219.22824132303322,0.037095725536346436,60.65594268680083,275.2037078026204,0.0241449773311615,227.8206376250152,277.9814783237324,0.040907979011535645,225.26749191581047,290.9217092313655,0.029289335012435913,207.1381980806937,274.4972199317546,0.06567496061325073,205.7484133234284,273.16564418926316,0.07027861475944519,leg
0.42781227125841026,64.34012090185738,35.49466782506802,0.3208869695663452,68.36153022973919,31.799041065260596,0.16190946102142334,63.318426228682824,33.48957165669839,0.3319776654243469,69.86957653951089,34.71115498227368,0.11146649718284607,58.958396466325695,35.862205742861974,0.14474040269851685,80.95035181899016,46.30126359397799,0.7133709192276001,56.39679014450846,51.37855737589677,0.798375129699707,97.63440380764379,73.02480319130746,0.4562293291091919,53.92483959865942,68.7320976405756,0.4272037744522095,96.08684198401781,92.61710615937349,0.4724520146846771,70.42844898505898,84.29573741868313,0.12762945890426636,85.8438365654259,80.75444559178928,0.46728086471557617,75.74607760062014,86.18168812317607,0.4139708876609802,86.81649530908015,115.1834391434369,0.34299159049987793,77.59016163154335,116.16371243844237,0.6688181161880493,80.23158270097429,145.28215757139927,0.6222097277641296,73.74655875714373,145.343688489862,0.6912958025932312,leg
0.7614781996783089,69.9067408936497,70.28392539413987,0.5425788164138794,79.45113126405946,71.69878473541617,0.5097174644470215,76.40579164260093,72.85208646425478,0.4840666353702545,68.57934202201636,59.44429983888619,0.4614456295967102,60.08425463962185,60.12161195510093,0.24448725581169128,94.94063381091166,68.58756365943049,0.6803420782089233,66.05138222067274,72.83914172695769,0.7444254755973816,107.61234268604088,94.95661694715923,0.9035876989364624,62.20288109686588,84.93983940391689,0.7934368848800659,101.21848852254075,110.43741842188261,0.9427309036254883,81.9822793804718,105.03001825354907,0.7872482538223267,96.23612281413395,112.80356678053563,0.9873406887054443,82.21614852489665,110.98156049557697,0.9845691323280334,95.6571497342002,148.33302776173394,0.98099285364151,83.1595869843598,148.9484349113494,0.987727165222168,95.30979260396401,179.8375704872933,0.9627302885055542,84.50216152324751,176.5725399269668,0.947702169418335,leg
0.8292598443872788,50.738697571513256,47.41824702993905,0.8157031536102295,52.286713596447896,43.840672533799705,0.6520122289657593,48.21540446596852,45.617182987673274,0.7135558128356934,54.36986782207563,39.98846209930539,0.6187237501144409,46.6040050937044,46.77155787842747,0.38494551181793213,67.58894270959996,53.31118394428654,0.9620941877365112,44.39525975327548,57.37193512081637,0.9600810408592224,81.89369231346518,71.60602079755138,0.9580525159835815,42.850921868350255,70.5072633023392,0.9139047861099243,71.37319661300006,85.05725489516203,0.8876503705978394,49.04797327657619,82.91561557161205,0.8460543155670166,74.88756587997021,82.74333078109801,0.9573084115982056,57.13150974377585,85.69738484542194,0.9103714823722839,72.30451413165736,111.41424513048699,0.9516451358795166,54.65626401196195,111.26848213403606,0.9205889701843262,80.84420230138164,138.2234595629028,0.9107574224472046,82.38681244015231,140.86705367388893,0.7339682579040527,leg
0.009210696991752176,-19.36854574003108,136.72507616332533,0.002345830202102661,-47.927827733036146,56.62476060919261,0.0016447901725769043,113.02072250425584,69.59128175728053,0.0019758939743041992,-54.08422715005244,148.0549496899319,0.0025670528411865234,101.2796364869589,75.33518275398225,0.0011335313320159912,-46.06833689871465,2.736620773137312,0.027835875749588013,-44.34862248164671,6.091088914685677,0.021481871604919434,71.9042915314552,298.9228838612597,0.006678551435470581,39.99563432389196,293.8661983504834,0.005468219518661499,-28.025720648264606,236.32143963171816,0.0032753348350524902,41.78301443849557,285.8511661277207,0.005013525485992432,61.03430128283074,222.46787223370623,0.023524612188339233,45.98983586530278,273.4838879062044,0.01413312554359436,74.3844889481244,291.2233167121383,0.014591962099075317,16.942887361875307,289.4969242556086,0.010616391897201538,246.81499792907954,303.12109327501827,0.007529139518737793,249.328601406706,288.66619896795964,0.006766140460968018,leg
0.657878858201644,51.09162089425767,72.97462730556147,0.8145487904548645,52.10727736179932,64.29482248506658,0.8912239074707031,44.58642506877736,67.62230572533515,0.7393660545349121,64.44280602124878,60.863710099157196,0.47401610016822815,43.8890835654411,66.95709228515625,0.22489532828330994,79.12667122332502,66.50209389771933,0.8403037786483765,51.42436342944431,87.91331725361746,0.7456445097923279,107.44330855195162,58.33905438968644,0.7599244713783264,54.8530311436041,106.27873342788638,0.5221408605575562,115.44914987764471,96.47216203147799,0.9551284909248352,58.262301790111266,108.94832388436285,0.3412895202636719,101.98138641476169,121.43202904133481,0.8524336814880371,76.74025301803411,127.39132832924217,0.785427451133728,90.35941691714038,152.3382639606639,0.6038656830787659,77.46788351452305,170.14413084037574,0.563717782497406,87.83540243304657,219.7635754537026,0.5889801383018494,80.2376298125152,220.3331795184065,0.4810340404510498,leg
0.5543334028300118,94.0622262917604,84.13143232174885,0.5556085109710693,100.85758550621657,80.47449727930449,0.466328889131546,88.66583382573111,77.29808050370866,0.6135835647583008,107.56473170180266,76.64000514880229,0.2791670560836792,73.76794184228326,78.84882173649532,0.4218229055404663,122.75838889036663,97.17611171856001,0.6698083877563477,67.52661025941605,105.88731877070921,0.7545385360717773,142.2096578991367,151.26041753746657,0.4503491222858429,85.06276171495014,152.43619332517633,0.8246355056762695,107.16184623510458,159.52064721964678,0.5913715958595276,101.12239377507905,161.31955157921936,0.7489792108535767,136.98441917330376,185.04066912580558,0.6101807355880737,94.90183967560645,182.80786892783317,0.6642854809761047,124.63117666281616,243.5454669165704,0.5048817992210388,92.61173886547758,244.13884975566938,0.6807950735092163,119.07125391384972,272.55503732406675,0.3899208903312683,94.65347171293624,289.3036838635397,0.19741058349609375,leg
0.7259606754078585,49.66609672813564,77.20460409320283,0.6267780065536499,52.38848140731396,69.8765780675272,0.7345519065856934,44.9251969036889,68.40955237006399,0.4273400604724884,67.95194752021523,61.80691700501201,0.8342750072479248,50.113921406667984,78.09243406303199,0.0793883204460144,93.9919052420887,72.47781122704889,0.7526559829711914,72.3860566254256,114.9056638725073,0.5711826086044312,110.65517084143971,105.07384422688169,0.6894737482070923,57.94115474715771,115.70073881037969,0.48620375990867615,93.30505489839192,140.70839492263497,0.8087862730026245,81.31873579804537,136.0429459508755,0.7934446334838867,122.88015046472216,127.01053842032466,0.9657296538352966,94.39162020553411,125.95883083714587,0.8667423725128174,110.9945928076362,194.44901284540674,0.9616798162460327,86.10089669431696,205.54073348583415,0.9289132356643677,104.93568984451,259.0559785004256,0.8605953454971313,89.9114230263558,259.4877012972702,0.9535907506942749,leg
0.5060229091083303,48.930914021651574,74.32120059714707,0.09442159533500671,52.77880063780552,77.90000410859224,0.1163768470287323,49.67568839106579,74.95630761528757,0.09200206398963928,58.399265749445235,68.63752135043015,0.17596927285194397,51.981419069757735,70.66810845401037,0.06464546918869019,83.45806849141994,68.67578113125457,0.5094727873802185,54.19622042763558,69.21324377393908,0.5388339757919312,106.80628676358828,78.37920430105484,0.8155454397201538,53.05216748426861,90.90857895431816,0.5534513592720032,98.94747307328399,105.03983256417955,0.842480480670929,63.06204294880078,104.60685403430509,0.7239313721656799,90.89378030383634,102.45498182244802,0.9209421277046204,73.87596160057454,105.45949676157436,0.7908964157104492,88.747153671799,130.80164096698687,0.659920871257782,76.65369649805449,132.35109084311162,0.5087084174156189,89.63051287580558,180.4818951202274,0.5961813926696777,83.58532501101959,179.85691411949782,0.5986095666885376,leg
0.04419914413900936,164.77546543462734,134.2642580024927,0.0049763023853302,169.20195108257843,131.31216323793168,0.006153970956802368,166.31036305705862,130.44502169241701,0.00506359338760376,176.7208529817455,132.43949979195799,0.014589458703994751,172.99360579553746,130.14181114820192,0.010928362607955933,-44.48405351156391,-3.7229623312152316,0.02472013235092163,181.49281661334206,137.3929747347702,0.020190924406051636,169.39549427551984,124.43802236119134,0.023321568965911865,174.21795440555084,125.41474219889957,0.021366924047470093,170.57217846584692,115.47112668998511,0.07824429869651794,166.8362569252341,116.50394484226807,0.10353502631187439,58.25307526940966,271.3905898513497,0.016541123390197754,45.57070602238875,272.8886348264227,0.017962217330932617,227.88821565501888,255.08182392046146,0.07930821180343628,227.31504922710968,255.76056098195832,0.04065510630607605,231.25651912466566,306.4565695677286,0.14042744040489197,226.4109748810646,302.1934538963704,0.14340078830718994,leg
0.6338121820898617,88.58617938446164,125.13149870044991,0.5597537755966187,95.8361050498161,115.88932141255776,0.6848007440567017,81.14458076684855,118.85093659278485,0.8008875846862793,103.74342031515991,112.86646920883238,0.568574845790863,66.0497346276903,117.07645223298427,0.6000500917434692,122.8558373358463,127.95395016206379,0.8631979823112488,60.882482268930886,132.52885276705376,0.9081778526306152,140.04605660642633,177.0151635552195,0.5752477049827576,72.30285763276692,179.20596349100197,0.7207622528076172,101.91295341758877,193.04845193944553,0.6192752122879028,88.69769916460208,190.80426999103236,0.652800977230072,129.4565044952274,208.3368501774532,0.7966927289962769,85.55917702760215,209.6368455701301,0.8642062544822693,117.61606416813595,293.1724637398924,0.5791459083557129,91.73539751698536,286.85012401773776,0.699552059173584,117.16184504765019,305.397514610439,0.16907164454460144,109.7869873046875,304.3296249924003,0.11260947585105896,leg
0.0989811543156119,78.3946946437257,112.30275194932516,0.052434563636779785,74.6581318777359,111.44052646503376,0.04888448119163513,75.29752263763072,112.73524065425889,0.12108957767486572,70.48805622739087,114.99165041437409,0.05445188283920288,69.10465700617097,118.23365920248663,0.11939221620559692,75.08614091093902,121.86792870903759,0.07081407308578491,92.1662030053046,137.98999118433852,0.11258703470230103,102.23467043865517,124.88207984063413,0.0682993233203888,106.00874488919627,133.90663236031736,0.10917022824287415,92.99601098442821,121.35268630684583,0.18489816784858704,97.14389311200452,123.07386880718781,0.18702653050422668,73.96779932400597,174.44388541729998,0.13314002752304077,87.72862059596912,190.4044481566908,0.11979430913925171,77.16600885650992,223.9574565961667,0.10928156971931458,84.67854303144759,224.16845536881385,0.12971359491348267,74.30722129020246,203.65385656690785,0.02770000696182251,83.32506766115182,230.46211806716624,0.03400203585624695,leg
0.727489240029279,76.76997203307394,48.0742027787383,0.36051157116889954,79.61801907431754,50.69287370614969,0.20663785934448242,74.16136032876338,50.63494522747827,0.383563756942749,87.47174749114635,43.74553517144942,0.2016383409500122,69.43196693746961,51.38818466245896,0.1646568477153778,103.34377659897862,46.7867691693139,0.8823703527450562,72.4274958154107,54.90489173028256,0.8939987421035767,124.3989283936497,73.99959935288486,0.8397161960601807,67.20126853378831,79.50210571289062,0.9385973811149597,127.03363440843873,87.77307592013467,0.9555671811103821,77.23714924971883,90.72364777442547,0.9160327315330505,108.72349720520734,107.0068982788561,0.9796719551086426,88.22707536155613,106.06500054147921,0.9894548654556274,100.2681390784594,155.79400563518362,0.9777716398239136,86.63010356027328,154.90825964782954,0.9763275384902954,100.51534927308793,201.27207833969177,0.8875730633735657,98.97022766825754,198.78902212655035,0.8132270574569702,leg
0.919354449300205,78.02137679163121,38.09588094629667,0.9402298927307129,81.36541166194218,34.45772178442098,0.9072356224060059,76.95416402260155,33.826079164497585,0.9441430568695068,84.65576171875,34.40007384185198,0.6564518809318542,72.9556606901295,34.35973230502949,0.7716326713562012,90.27195199454343,45.34601590048943,0.9787411093711853,64.96718588506202,48.26034070916677,0.992510199546814,108.47870941755838,58.64412626867629,0.9779558181762695,64.56913632641508,66.64860499044337,0.9506087899208069,110.62341237346487,68.41971401110698,0.9242595434188843,78.6564125625076,67.62760028764896,0.8403167724609375,90.84439704390351,81.82201459713947,0.9946849346160889,72.82966880946772,82.99755883124088,0.9929908514022827,78.99680527267753,110.56616222812045,0.9597223997116089,76.57379269136067,110.80729859348402,0.9830822348594666,90.22986267327335,146.8335756531949,0.9348368048667908,83.16610610902543,148.65310609572595,0.8796230554580688,leg
0.7835298531195697,87.90961536452002,61.57506504875213,0.7567238211631775,87.23241902510944,57.51690994440814,0.40671253204345703,84.6790773859284,57.57597392635123,0.7033740282058716,63.09119198572776,51.92126559840102,0.5664450526237488,75.16315920343659,57.474134868221064,0.7314270734786987,46.491781746830924,73.20994366003846,0.9751989841461182,63.709262001839136,72.67125645500214,0.9364277124404907,106.10302283142329,85.00886019101867,0.8725550770759583,100.83719097686651,87.0751288150535,0.7462600469589233,108.29870320479694,123.88117155676223,0.7041961550712585,94.94248623977839,124.14214137927104,0.4414328336715698,42.29608379913212,122.00502625699174,0.9589457511901855,64.36569866967109,121.74103733166648,0.9406793713569641,65.57059677658378,152.96648671191028,0.8622919321060181,71.94438592933032,155.35531841827276,0.9185346364974976,64.10565506159564,194.97900343126824,0.9142137765884399,60.520822250425596,196.36517238988023,0.8845887184143066,leg
0.5150729172370013,39.84154430344876,122.46831159183488,0.7594027519226074,43.90197041433609,117.88894712693033,0.5852525234222412,36.087240968696804,119.29258947706408,0.6070048809051514,59.73582880042407,111.20935581073688,0.4524588882923126,24.98510041589404,115.98873806370835,0.24873492121696472,77.9517236850605,124.48108242643484,0.8855655193328857,23.068103716067313,131.55737850916526,0.6523839235305786,94.41273611343325,136.88962171977596,0.6155080795288086,17.44998085823505,154.93191373951242,0.43466290831565857,89.47555007637709,157.86368522198748,0.6966473460197449,26.347125457882427,164.55289491883514,0.6213871240615845,85.36846591340893,172.91297764165856,0.560680627822876,68.2338373206469,199.65293082745623,0.36037111282348633,88.10570564715314,226.892754818215,0.6883832216262817,71.18559366070343,245.25568624414825,0.37873315811157227,82.61666502006324,245.32460016035387,0.11814430356025696,72.09025579667741,245.0094200757691,0.09091830253601074,leg
0.4301033808904536,37.37381515799794,110.85776837419444,0.5083159804344177,38.972541423159356,106.74204548045356,0.5124050378799438,31.92482439924308,108.77543349210391,0.5390429496765137,39.070657811740034,104.574240599161,0.38414785265922546,24.61633348279426,108.72432248601655,0.17588385939598083,50.72693286702791,114.83768507664307,0.8743726015090942,22.942307765381813,118.48976639922027,0.777131974697113,65.09883301731215,132.36770036155613,0.7517162561416626,33.96989696220666,133.26769580173124,0.2033109962940216,56.565957867217904,149.45709584751947,0.438243567943573,40.43978086241489,143.1923239147617,0.21057885885238647,52.22645622283105,162.5841548934521,0.3015471398830414,34.814444219091996,175.4595151671176,0.228471577167511,43.30896162337366,214.95244363866428,0.5333223938941956,43.93717546871201,214.52462162952943,0.47455522418022156,45.01109438647556,228.58998933190966,0.21221548318862915,51.569690036402605,213.20389328299794,0.18649572134017944,leg
0.043772848213420194,132.26578411888985,112.02177945741884,0.05495893955230713,149.9291386585755,88.45013867092504,0.363869309425354,128.06194617126704,85.67345467059066,0.09641706943511963,194.17561334394762,71.37160393978371,0.022095561027526855,103.44567799846487,57.61408230673943,0.038626790046691895,-48.21648463200966,6.0278547413154335,0.014527082443237305,100.34567391362174,44.16125405159442,0.015284150838851929,-5.799706900630014,197.23226940585482,0.004746168851852417,-38.39011693279103,247.17439287831348,0.00591239333152771,132.71913046039035,66.4902045105218,0.010093629360198975,108.24804640001824,67.16379841014106,0.005697339773178101,68.92549685467078,272.26199732680266,0.01723739504814148,61.55126252526904,26.912229070403697,0.015734553337097168,231.99382143725683,270.52791016574963,0.02909308671951294,243.5951025105636,267.4680361024137,0.02707025408744812,246.91328352991246,290.1465033742704,0.01073804497718811,248.66170920286663,289.64285646431176,0.012036651372909546,leg
0.06221666230874903,96.02163292554567,46.438686207574634,0.010108917951583862,106.60043560577276,42.85221916228417,0.0069540441036224365,104.88961067645005,41.88029960899502,0.005921661853790283,100.31051338878589,41.471184459641755,0.015376240015029907,96.65470939665917,52.91047151914367,0.013366848230361938,110.79917937401206,59.92539253680159,0.11866608262062073,116.09812339456167,66.99915488870228,0.08070740103721619,61.53669245975955,37.73635834571453,0.062458693981170654,59.576030092944436,36.33288520783302,0.15520673990249634,80.32617234998176,45.832305195730484,0.23209038376808167,79.01221249354026,51.775912273718696,0.28008928894996643,57.46422556123845,271.84021352330075,0.012564033269882202,49.777322613311654,171.0742104378192,0.010688424110412598,65.04979708779183,270.5958622438898,0.016658812761306763,221.01383431876218,293.11213511901144,0.01678180694580078,224.0244408989695,292.77244597557456,0.008640497922897339,221.82013960663915,310.69236191330253,0.011403381824493408,leg
0.789239715127384,103.07695559490517,61.001248489558,0.9052367210388184,106.42833783932699,55.40575109103311,0.8997488021850586,96.85034547798367,56.899810672270185,0.9531444311141968,113.27147725027359,53.64788070263102,0.7932252287864685,91.755507057279,51.84044448318185,0.7848772406578064,121.33233927567181,64.9808757499962,0.9290416240692139,81.09151046099831,73.72894880836576,0.9444389343261719,138.2908802551982,91.72846575191514,0.9513834714889526,75.85248538956105,97.86468090250335,0.7164952754974365,130.84516710808305,97.90895217123663,0.8520194292068481,90.74073227463066,106.51261147821924,0.5017122030258179,118.72139422346183,126.25214691755838,0.9924949407577515,92.06255604784778,127.07759990766355,0.9827959537506104,112.30898014766234,177.74140473005838,0.9226195812225342,93.9477408442516,179.68100462442243,0.9439882040023804,100.6801263831469,223.8700183912938,0.12826323509216309,89.91588488627036,218.93049900633818,0.21558988094329834,leg
0.03830814186264487,103.6307783906098,60.043992513812476,0.008292317390441895,125.77239752743495,63.83864851777192,0.010989993810653687,123.58640678197958,65.62292937638695,0.0053795576095581055,122.27771922308185,67.55471433646949,0.021987944841384888,108.87726661296207,62.20300281094207,0.009061455726623535,161.70330121823324,99.51938970543532,0.06635257601737976,157.2465532948535,95.70892571475255,0.019963502883911133,195.20903709797545,164.53689990804355,0.06677216291427612,102.02292356973493,77.84411062990182,0.059825360774993896,137.28641851402907,88.28760584968538,0.17636826634407043,141.68303374650415,89.94570780357034,0.08415129780769348,193.30702013542682,188.45734948777968,0.019813477993011475,27.60610023825086,272.52789211644273,0.010622680187225342,232.37622331552473,282.5585628761856,0.020016580820083618,224.08272116100744,284.458424608995,0.017245113849639893,230.00377847990637,304.59420170765446,0.028416424989700317,224.02597271514776,302.5914054900292,0.025979697704315186,leg
0.6734224505284253,99.23958685611473,29.2323116198588,0.5938384532928467,98.62222931264441,25.90933476904487,0.4570139944553375,99.55169440243495,27.43875303157109,0.6669378280639648,101.82726077068642,28.117006947558217,0.2787030339241028,93.65508380103205,30.55653108233144,0.5135751962661743,111.50377919237903,39.456182695084514,0.868398904800415,82.4695394196863,42.54685338832989,0.9377588033676147,121.44077761163973,60.880270635107614,0.8616288900375366,75.04230603169839,61.477126778331716,0.8608475923538208,112.65180417071986,63.670553956978054,0.5153490304946899,87.36502799542498,60.424702269557855,0.609811007976532,112.32412019128466,89.2787621642829,0.9926460385322571,89.54848946300464,90.00215344855758,0.9561319351196289,105.83588121466136,139.31466484811983,0.8749775886535645,93.42464343119224,140.03990856126126,0.8808414936065674,109.09156057157406,149.51701479663183,0.2858928143978119,99.53488004810617,172.28402460595515,0.2938290536403656,leg
0.8631231679635889,43.91024400288029,64.30793198166191,0.7591778039932251,53.987172048843334,68.33674211910262,0.7306859493255615,53.014139257052534,68.98224678484847,0.5394351482391357,52.44840035642632,60.03172907847839,0.8327947854995728,56.40259679653302,65.91733643053107,0.37052786350250244,77.30263439133938,70.9952758907808,0.9816251993179321,50.612857091287694,71.95670873738449,0.9770872592926025,85.98597485731548,84.38580286641994,0.9422180652618408,50.78099172866763,85.88123841044505,0.9022384881973267,71.33405514728236,94.27999949176952,0.8872998952865601,60.632101571049674,93.1289910342443,0.9354807734489441,83.46150617191302,96.07030965010944,0.9952887296676636,72.6034142163941,97.2650104923471,0.9835724830627441,77.48683528677499,124.5051283780703,0.988608717918396,66.61997991777116,125.48906200126916,0.959298849105835,81.11357039514684,151.13739132417317,0.9674725532531738,68.87291637376126,149.78123527556542,0.9202812910079956,leg
0.11548609418027542,159.47402775983403,128.87052840295934,0.1621183156967163,171.37798502287512,115.30758750113996,0.41983354091644287,146.8879491902511,109.83354442314416,0.21092715859413147,200.51184628260276,124.52092745888558,0.10142379999160767,139.53583713635396,126.96117297220788,0.04413142800331116,155.92990385419202,169.8975974947562,0.022654592990875244,144.11459599951363,163.6123241617522,0.04596829414367676,185.5249664662877,167.9889011011977,0.024924427270889282,141.5294780805417,171.10550579857735,0.11007145047187805,154.23804850893728,174.78918528278516,0.03860795497894287,148.07790318351778,172.78040429497509,0.25136762857437134,187.13307065258695,171.36627078520186,0.07838249206542969,161.21645085078734,175.83165743935433,0.11989852786064148,187.54584167717962,222.55361831605668,0.0995928943157196,165.66292135631994,223.45263410635033,0.1170879602432251,186.19901902016963,303.15454386551556,0.05229073762893677,164.68211370683366,276.60514148756687,0.06398239731788635,leg
0.6090914309024811,45.41324066280855,83.13500370960756,0.8666943311691284,47.15830880844176,77.82953165848431,0.7775804996490479,44.94560924485501,77.85113739132417,0.8356021642684937,50.10928142859315,79.93264402396949,0.4787077009677887,36.61122006664945,83.39842265681999,0.4760735034942627,67.48123465808914,94.51581903004926,0.8452862501144409,33.072368458551196,103.23187089615759,0.8964838981628418,94.26028478006447,108.59537384389441,0.8103302717208862,19.51644095929217,135.56108289191695,0.7969056367874146,93.14489104868375,159.60078257994894,0.5545158386230469,15.618712428942729,136.90430756208963,0.6151512861251831,74.10334724396584,163.32630202000243,0.7275688052177429,50.935678444947726,163.76513173144153,0.6562143564224243,65.7242058779943,211.54976336408683,0.3617503345012665,52.228558017122154,208.08251525641415,0.3059200644493103,108.3674390028423,188.37796222375061,0.2195863127708435,108.70568538918107,188.67768165202457,0.13018307089805603,leg
0.7270594256765702,64.04176407750943,132.71390862965862,0.9984049797058105,69.37447930124483,124.93890843966592,0.997742235660553,56.700080841895684,128.0678300078277,0.9981985092163086,78.82883094164185,123.02339902647739,0.9534609317779541,48.32766343647404,125.89323882462914,0.7725677490234375,101.55523871633329,142.2253382345118,0.9951083064079285,49.01853034468478,145.9412214820951,0.9850283861160278,148.00396633519273,215.29938219122388,0.7654207348823547,43.59665807582989,175.3395525861807,0.9181539416313171,110.96796414267692,204.71759603181238,0.7722185850143433,49.27628513440085,182.78594258230484,0.6138241291046143,143.23209176267633,244.05445737133695,0.7543662786483765,58.927671083680394,189.86336080944494,0.9135348796844482,137.3809814453125,299.17556228340834,0.3504447340965271,21.901572260875184,228.45036250607978,0.37063896656036377,122.46061095003952,283.16238343947595,0.09444594383239746,129.33725438693156,302.2491336332685,0.10645094513893127,leg
0.11144830900080063,31.559103286683793,74.73243089965345,0.17185717821121216,37.043967042915554,71.51972254890413,0.24507540464401245,34.54138017350134,72.77060631184263,0.06101787090301514,46.217310567774206,70.48696673797727,0.2973971366882324,41.89198712894425,71.86683921962397,0.03203102946281433,56.114855814536725,78.45117294370897,0.12330937385559082,43.28618031067607,79.71122533894699,0.2610018849372864,69.93989758918258,74.80527232129286,0.03343161940574646,39.12544695783683,83.5738156092306,0.04426449537277222,54.06850080081925,164.68643010358403,0.039989978075027466,37.43431299113115,82.20412258044291,0.03316405415534973,62.95168984261005,91.3028256902435,0.0838613510131836,47.3582553492446,86.82481936443641,0.04963153600692749,49.716174648893485,170.58080532207563,0.026061147451400757,41.77907802715376,101.76944064722915,0.023945122957229614,55.98575577197836,171.29580724100197,0.23154675960540771,56.77936123502859,170.34034580572106,0.1370353102684021,leg
0.010468090281767003,151.44006157663546,70.07806533041632,0.006399363279342651,186.7064776587579,87.06011345414336,0.013841480016708374,186.2751467218659,75.46028404384272,0.006707191467285156,179.88396433076971,92.61919904775657,0.0335271954536438,182.73969717062866,90.01539653377311,0.009508579969406128,-49.041424627897804,2.3485892477666357,0.011020094156265259,-50.64588191444308,5.304394436253649,0.011355549097061157,194.56501526591381,219.0654057009211,0.005061447620391846,-5.608964615758751,243.38361094433975,0.0037973523139953613,170.54934371770125,116.56145029030885,0.006257236003875732,180.92659679368313,116.05466850072958,0.004134386777877808,189.42520200974283,260.65547957958415,0.018252432346343994,164.72286714190176,188.22022078102202,0.012711822986602783,155.3225209276964,285.3438856072927,0.015391021966934204,168.15155266787755,188.00309474366185,0.011251270771026611,246.07999334075572,288.347011224769,0.004062086343765259,161.3704340003344,191.3223444719723,0.0046790242195129395,leg
0.2689412814729354,193.33429002576304,133.22925790274655,0.13659387826919556,176.96610387661116,131.98589517912512,0.13301873207092285,150.80521282982735,139.78390823542378,0.18625086545944214,187.3583901253192,121.4225264374848,0.08755099773406982,136.73329037914945,131.24455849020399,0.11345559358596802,132.29704385601593,120.66798228698019,0.08952942490577698,118.63778555903454,125.99693921753405,0.18857553601264954,129.74304317964192,179.45415333551193,0.1137850284576416,175.42987036797788,200.6141989147617,0.6337324380874634,155.04789834820343,198.11653701247874,0.1401454508304596,194.95051640017024,206.3197866951909,0.5643318295478821,119.69523745288183,220.52405093894396,0.26393717527389526,131.0966521385579,219.58023843134424,0.21923592686653137,164.6917677111199,293.4161471949477,0.536680281162262,133.27915176807213,295.2249371124149,0.700060248374939,160.00923720779124,301.4650574917923,0.25635117292404175,135.40256960382723,303.329812135214,0.20876720547676086,leg
0.16586504263036392,68.32615596311102,185.1358376588339,0.24055156111717224,74.98958305626064,174.14703369140625,0.257868230342865,66.79298608683428,174.45818830556908,0.3838777244091034,76.65365196851441,174.93324725080558,0.21117860078811646,53.09178986901904,171.8972944563929,0.2751863896846771,45.340016287124584,140.21515011323567,0.08762645721435547,44.12622117810676,135.44994606582108,0.19993284344673157,88.41599638823871,143.44465500649775,0.08054271340370178,55.04763413959904,154.6815330416312,0.14565429091453552,64.53019079067364,172.07256272609132,0.16522881388664246,61.305040886429964,172.38898963779792,0.20015385746955872,70.15654270751004,173.3819449458141,0.16832304000854492,58.454936580435316,173.92541907640748,0.22541293501853943,61.45135604917772,206.15949816277057,0.038530826568603516,59.03601145466014,170.19642633222884,0.033071279525756836,67.58862209691148,256.1098328824173,0.05413776636123657,74.75786914157497,205.28791256915736,0.05242839455604553,leg
0.23395988695761738,103.24901773771887,66.50199147977717,0.14021122455596924,105.29315518034107,56.933572969547974,0.06342050433158875,85.22423473313626,57.1147280444431,0.16420146822929382,108.10305821756447,38.70213282247462,0.0698830783367157,83.13581711587275,63.16652854592884,0.19522905349731445,135.4760611567516,29.790636352064084,0.6593526601791382,131.2467523122112,33.63970745398377,0.47185418009757996,150.46108854419992,31.931505314570924,0.6085383892059326,142.84224454530948,35.51966448238388,0.27913153171539307,189.8182375421784,86.88997498746049,0.19324451684951782,184.26684665308855,136.526821745045,0.19794967770576477,178.3632983493434,162.3753469741762,0.17349237203598022,160.4686039431086,170.53447678859132,0.3193266689777374,178.5043679322714,220.84671198625975,0.14511874318122864,176.08774979290797,222.05773735788546,0.1868106722831726,176.515019635746,270.9509229845574,0.05627676844596863,175.07903102770854,269.48974846865883,0.05327656865119934,leg
0.29790579922059,70.87277364174217,54.918152627314115,0.38090935349464417,74.51972516130381,48.76687758627569,0.4253023862838745,70.66423289970666,48.576825509275444,0.1887277364730835,86.15712859751187,43.756533967845634,0.36236417293548584,70.63165508819462,45.82373325926785,0.09178334474563599,104.05316779585664,58.13714409616671,0.3299010992050171,66.60822411919384,67.33665763172195,0.5725531578063965,101.18849342435252,88.16019792964951,0.43515777587890625,71.27280031196803,95.81641111856305,0.3492322564125061,80.74915845106548,112.12279026610379,0.4881841540336609,72.5316593155323,112.5674711591075,0.25223779678344727,103.98624880304598,124.38405255863175,0.6174476146697998,89.82024434011734,123.97817470684126,0.3054230213165283,102.98314075989484,163.6862431982612,0.14517366886138916,67.2740298022556,160.02071395458415,0.07765364646911621,63.928828257994894,167.89777585040736,0.01946502923965454,63.0253060782466,168.4568887554718,0.0228823721408844,leg
0.47688692983459025,39.478031856076726,123.31247589467566,0.7140167355537415,45.15480011817547,111.61826167125183,0.5570590496063232,38.290339963445405,115.24018758929658,0.7677717804908752,50.87669461617675,110.54203612331287,0.37460780143737793,31.749805494968996,111.37936959470757,0.3184801936149597,81.32335796430417,131.0928552531083,0.7497918605804443,23.568375286888994,125.7246945154806,0.7835724353790283,71.59578197197229,164.44294257850498,0.11345770955085754,5.468666878191883,193.17377587700634,0.5788400173187256,66.5749783645808,156.7637699587336,0.3422839641571045,36.642016696558855,158.83629943610165,0.7822020053863525,59.84929006851138,231.71722768345697,0.42489704489707947,26.542921845551135,234.56633452775415,0.8599801063537598,94.3864636847945,246.81559165628042,0.43821609020233154,24.628819565828678,270.9877756319157,0.20319241285324097,96.13744535334845,245.2920045370258,0.057188481092453,43.234784315532295,297.74906737331287,0.041520118713378906,leg
0.9182450596024009,116.63570181405035,45.70564537196772,0.9716477990150452,117.26322990447167,42.5205497890131,0.9692723751068115,116.73405866214739,42.85323443579767,0.9807932376861572,126.5161833410597,43.13002115093781,0.8498097658157349,113.15521952707016,42.841634490610566,0.6414849162101746,133.68100414944067,55.890762388474286,0.9951045513153076,106.45286470999514,57.691412306017455,0.9847621917724609,144.2246373989239,75.61773159160688,0.9874556064605713,100.14819430933852,73.80837614898088,0.9290273189544678,130.68227805052288,86.25792269576849,0.957984209060669,103.19242959820343,83.01339353568824,0.8614941835403442,127.57089221523896,96.74021205085725,0.9830182194709778,112.76097279114484,95.16016147479937,0.9850890040397644,125.99030728470026,124.61774358489635,0.896539568901062,111.3426356927894,121.78536203584783,0.9017434120178223,122.86468980841136,149.86742665331653,0.8507856130599976,110.02028647099954,145.86320572790007,0.864154040813446,leg
0.01624446756699506,124.8741298334144,80.70715522023954,0.004403054714202881,135.66511577205438,72.0265666798395,0.0029916465282440186,95.14918345885519,73.61661413764212,0.004212856292724609,200.24335096782286,109.98095501257752,0.0034050345420837402,119.37654844053989,72.96760499709312,0.005046755075454712,179.50621133648468,-3.0036800102501067,0.008711695671081543,117.23141800104878,94.21134384689628,0.010622352361679077,176.85624059536116,152.39091568883757,0.029550671577453613,167.4046319746322,151.60562834387162,0.016336411237716675,125.40558098819005,82.50851761042377,0.03500944375991821,180.34450664594482,131.03491341557486,0.014952391386032104,163.5131064092139,213.70992697630413,0.018757164478302002,166.53201329568947,214.90568762159535,0.013072401285171509,163.38917179330315,229.76434017433732,0.04881638288497925,165.6632241571924,229.5875935239087,0.027911603450775146,173.60029406120807,247.88257287170174,0.021274328231811523,172.6540057111807,246.489777917528,0.0110817551612854,leg
0.6964620474506827,55.015795518452094,101.2997697763406,0.6862687468528748,55.59456376250152,98.29671540612841,0.44998326897621155,52.91407247461699,98.26235641301375,0.5688409209251404,50.89966295294262,98.22145157750943,0.5145201086997986,49.415475570738096,98.62434595011553,0.6617419719696045,47.05720003476867,111.18688620481974,0.8455747365951538,41.26404936675432,111.61226799515899,0.9319667816162109,92.16134037952943,120.21498327589221,0.6165497899055481,88.2589317945191,120.32204119611808,0.47204649448394775,95.16794820703885,146.73265390359012,0.8152995109558105,74.70267922961759,112.11802560531676,0.3199247121810913,63.62995489098219,157.00488851228113,0.8697691559791565,43.44753755205801,152.72052334440357,0.9621469974517822,64.65700201487263,195.46695813130776,0.9006994962692261,42.77712751455344,198.35302449385944,0.8388686180114746,43.30896162337366,242.39829690539884,0.6651445031166077,64.39736807856579,240.62192449309947,0.7205089926719666,leg
0.6892169363358441,90.33350963073019,52.09406693157983,0.4470028281211853,108.78019221561894,57.99382577146538,0.4124126732349396,84.64276799895885,47.526128746656134,0.4430061876773834,116.03298558335362,55.38767209776645,0.38184666633605957,80.2739124817607,45.329219357976655,0.32080793380737305,130.01269626246352,62.49638123271067,0.6257932782173157,77.43587568112385,69.07438730915233,0.7177978157997131,148.77829941330253,138.93488130680782,0.8251358270645142,96.09563211522678,123.10394405854817,0.915017306804657,155.30599156242403,134.79191524045478,0.6863267421722412,152.68728055842658,133.24492339494165,0.8134790658950806,119.52828730126765,163.32669387995503,0.8902343511581421,93.98377414807271,165.42715228485227,0.6885623335838318,130.90396391278577,188.43903894090468,0.9223824739456177,91.53971690612082,190.1822101281311,0.8054778575897217,116.14281324097155,249.71113390495807,0.9441742897033691,111.56809766004986,249.81339154076485,0.8772302865982056,leg
0.05734079900909873,126.2781462316847,70.78422368268559,0.05571240186691284,122.42452421077033,69.34795008559172,0.030138403177261353,125.90938820449296,64.08469649140473,0.043468624353408813,121.67787069476532,69.74204096812683,0.05072030425071716,124.64681543728722,63.669360565304295,0.07790601253509521,118.67978582122447,78.53591265845392,0.12168163061141968,118.76198735218568,79.80973358748025,0.13333728909492493,134.6508040966227,109.36809495265382,0.026280969381332397,102.64696054421512,106.38513231091926,0.13643279671669006,137.3925056902815,128.67730582270642,0.0439089834690094,104.83597929839496,117.41697853177439,0.01140180230140686,126.91064381877737,128.16288276405186,0.03183797001838684,114.80984817683003,131.93274472010276,0.011612176895141602,137.7690118574447,226.52082628777057,0.04441234469413757,102.69223818055389,220.77395071779245,0.10036718845367432,101.2285700104116,250.1800477736655,0.02568921446800232,100.65923312294808,237.0073726668896,0.029885470867156982,leg
0.058239147943608904,168.13452457175646,97.2340802738175,0.02553015947341919,184.9569298413941,103.20900943028788,0.010332971811294556,170.00139882128528,98.75371316991428,0.025862842798233032,171.27391058183366,98.90471284027694,0.02191406488418579,163.07641411569796,102.62353503750457,0.05000409483909607,188.98425269219663,87.69522047228386,0.07915818691253662,147.70535123951242,107.67853733166648,0.06378665566444397,193.76323417930752,148.55201513386888,0.13249611854553223,171.97523302605182,142.9977654483068,0.17798620462417603,167.28130296046632,143.6906450917285,0.06942188739776611,177.18283805401873,145.8715060341683,0.1515977382659912,191.4750036098614,198.92302041851593,0.06983259320259094,191.4382578333992,217.62751122856884,0.05218219757080078,239.17428102010882,265.82676631467353,0.019472122192382812,247.4757094327578,278.47780457730425,0.016130685806274414,123.447652735135,228.88397335542317,0.01286265254020691,247.95730531447595,288.32914597329466,0.011494338512420654,leg
0.45495892447583813,72.47752030072046,119.3289433935737,0.38294854760169983,72.97756922384181,112.79681610226169,0.3172852694988251,70.12709977561862,115.1929328413789,0.3845880627632141,53.26247159609072,110.2535559509515,0.26119092106819153,61.28956241830315,117.03235908241125,0.3520858883857727,65.08770063229572,126.30941190608281,0.6315866112709045,47.440554845193944,125.94810812389805,0.6093786954879761,83.82617638732674,146.75960318123785,0.5230398178100586,39.45075305983251,132.70402307176406,0.38452619314193726,88.68064435075695,147.55547965083142,0.5539764761924744,82.99346508219085,150.67419504841016,0.3068764805793762,63.0251724896264,156.31031674633695,0.5531532764434814,53.84873861468721,156.36334252264714,0.600409746170044,64.41217860359163,189.9799925807849,0.4155098497867584,64.14192882493313,190.18769616746718,0.6800103783607483,66.66593440311892,222.755924922483,0.3376021683216095,68.5599004248237,222.82111616913912,0.44013333320617676,leg
0.01899666470639846,99.53459505904974,21.85963805083635,0.0079059898853302,89.71909994281219,49.31952034916859,0.00379866361618042,82.77134283043532,29.306183900350728,0.0057180821895599365,104.79474494429414,22.572157447904,0.006625831127166748,84.6172347606852,49.38972116908211,0.006996631622314453,-46.92243073237081,1.0698979002956288,0.030686289072036743,-44.25492342344054,2.3513166820956575,0.019934415817260742,121.46655130942972,70.50406162840848,0.020831286907196045,83.4487529116382,260.73965822212426,0.01218801736831665,122.33893843476412,73.58466864559901,0.023197680711746216,123.44008271332382,84.82633360628952,0.01538112759590149,136.78859606791102,91.9756314170036,0.01457032561302185,63.06719946954037,266.52760783985894,0.0164681077003479,71.13977276397587,263.16491509226046,0.030063390731811523,74.98102447866003,264.94422645420417,0.028110593557357788,156.49519745941757,157.95589699355546,0.04618823528289795,154.65008924907283,156.75057140305813,0.03427863121032715,leg
0.8152087611310622,71.54871424812288,38.87303719724663,0.634170413017273,73.24525410099253,34.5985219636316,0.6656938791275024,67.00801923581135,36.75810446535103,0.8201512694358826,76.6241377893589,31.545941838958385,0.24932122230529785,59.04142624673213,37.783626452494225,0.5496159195899963,91.63584727721457,36.44559170021621,0.921091616153717,57.150399174671705,45.913357864558,0.9251026511192322,100.92240270473616,62.0968933699196,0.9444794058799744,56.11945126307151,58.69087337983722,0.9050661325454712,97.58325717792437,75.01965533898499,0.8588411211967468,78.65960978348431,75.50796627534503,0.7440172433853149,85.27653913089739,82.98527758409078,0.9781948924064636,63.1001067996489,80.08339432890777,0.9882477521896362,94.48961191140262,113.72636134522435,0.9507771730422974,46.13669428843933,107.62697212427044,0.945777416229248,98.1999289664777,152.0918731095726,0.8903428316116333,28.970253792254383,149.05443302852171,0.8876579999923706,leg
0.7075473859029657,79.48470653726898,77.33108579880533,0.8647133111953735,83.3084403308913,72.18545698470179,0.8569200038909912,76.0390819742522,73.33788593455512,0.8076978921890259,97.17953455587306,61.589777608789824,0.7188389301300049,71.93755509788424,72.6248566742537,0.3001970946788788,123.78158866199539,73.01579041239818,0.9058464765548706,77.8229442551906,92.72079764637039,0.8361028432846069,131.93916884841624,134.79139869779002,0.7180312871932983,84.81335176104238,120.33097382185525,0.8315643072128296,154.21838426404426,129.72748158970697,0.47913774847984314,119.32332673425341,123.33212232775263,0.4914620816707611,145.91766832403636,204.0616759066452,0.42191481590270996,112.40103161288607,204.11915463696195,0.6730385422706604,144.8678933228964,236.90762649714253,0.8889056444168091,110.856800598857,227.37497411349406,0.8946130871772766,123.19616770466016,300.5666651150596,0.6670202612876892,117.52237401583781,300.2548870873359,0.6723012328147888,leg
0.021067296757417565,70.43839688430965,126.30764853629621,0.01354128122329712,68.7746842083764,113.56545830515108,0.03062322735786438,58.98707349012798,116.88599048421541,0.03999006748199463,103.29224701521463,119.5903050760351,0.013085126876831055,52.494746701726655,129.23600015009424,0.024481117725372314,80.0560739717595,82.49785723853205,0.020090073347091675,59.166901584729146,80.2303685288485,0.07155275344848633,124.59124257128528,141.1859118984831,0.008533895015716553,53.200103522274745,84.6389354898772,0.020076215267181396,113.35946762144334,136.7819671037132,0.00784805417060852,111.44400273779488,113.75179661850986,0.008488744497299194,44.054956102185685,211.68073364732797,0.02630200982093811,60.76861132907497,220.12162857946257,0.014720946550369263,167.44932182104208,242.2024738000061,0.019156694412231445,58.53014697360622,217.88770623708052,0.017843157052993774,40.79801210633512,303.9922691968629,0.010482192039489746,59.66597085796906,219.82835702859012,0.01132848858833313,leg
0.01652646590681637,98.76074289997266,90.93167197379621,0.005376309156417847,135.40921341120503,64.79812206461273,0.0024878382682800293,131.82659817113023,91.19738864527602,0.003633052110671997,122.22667055835058,156.69061683031373,0.007817566394805908,115.39658720855121,158.2319445183305,0.03442230820655823,179.13025733561832,162.10574732680266,0.019505798816680908,-54.73596539478822,33.554765129831516,0.03545933961868286,191.40087083156007,206.40091951719054,0.02793365716934204,190.19369281219602,205.38233300591259,0.025563567876815796,137.3432025835208,90.52012996450937,0.017206281423568726,143.1386153521705,93.93224159567274,0.017785459756851196,194.1836820966075,216.92704375151996,0.0144578218460083,192.76003707707625,218.2353928859132,0.012309223413467407,216.77385619642206,294.49217681291043,0.017759621143341064,212.5513158419717,293.80814964205376,0.014557182788848877,243.6140008473675,302.8003380920173,0.012895971536636353,245.3050724727171,286.8702335580314,0.011778920888900757,leg
0.05553163325085359,57.88412131224162,101.36823839714556,0.10397005081176758,55.602677044701494,95.0585984998176,0.07659032940864563,56.46728931234041,95.85956024288667,0.1117384135723114,64.26251481943095,94.70456193857156,0.06465211510658264,53.24620940805873,96.58984469996352,0.07798093557357788,74.561217786737,103.47027314776113,0.05749735236167908,45.101195457844426,106.7923994843598,0.14988017082214355,86.85736452095242,116.73346790358251,0.020956337451934814,48.94234920754043,113.75204598393422,0.054112792015075684,80.44864639697838,123.30116539149897,0.03978872299194336,62.913563650405834,119.97955559756507,0.04502031207084656,69.49494061303047,179.86872335352322,0.02508297562599182,63.11364377982886,179.64621814772315,0.03785264492034912,69.74980098264227,223.94910285445042,0.023618996143341064,63.733014058510165,224.00611847755047,0.025641530752182007,63.18009075951484,176.44858749924003,0.013999521732330322,54.63118497499697,180.5849720995714,0.015654563903808594,leg
0.23003068566322327,67.34818039237294,89.83514986149532,0.26360023021698,67.47584658374119,88.25141223952001,0.24136611819267273,64.08075414279092,88.6320596539093,0.23497620224952698,73.72026851668896,87.75896005593385,0.2703828811645508,63.62078180572867,87.90872180508269,0.0834912359714508,83.028144687994,99.78066232881658,0.3563959002494812,68.06893552787574,100.33083370223584,0.2602739930152893,97.20594947904002,102.94759431237841,0.3045499920845032,62.36629560299885,103.48667783032133,0.21476095914840698,103.82307475642935,110.37396382728905,0.36135950684547424,64.39849022297544,102.99590886334965,0.2916802167892456,94.07107876432545,126.68501857653666,0.2151225209236145,77.55084204766538,127.46841786900384,0.2609732747077942,84.02856314692517,160.02985141620562,0.1798020303249359,78.31210125281191,161.4947486016537,0.16712868213653564,88.67108831145885,167.28362443382176,0.11249274015426636,81.23551899357065,166.88581533469116,0.09216517210006714,leg
0.5911810117609361,66.19053703337792,53.35987699634834,0.7604734897613525,65.91460528540705,47.492486679136526,0.6217191815376282,61.84535341967869,49.192838260635796,0.5240181684494019,82.25594012189933,39.954606289993464,0.3671000599861145,60.52399275367827,48.363471123958846,0.10800853371620178,103.00893226950086,40.616359784909264,0.7285060882568359,85.98431835842504,64.43811409204388,0.5401159524917603,131.82992898072715,71.30246292292377,0.8807768225669861,77.08342437150414,77.07618980556147,0.4246520400047302,108.36243388253891,92.5084807993373,0.4592481851577759,89.59453300743252,90.85574020207625,0.6354511380195618,128.68988393345697,80.32241108816422,0.8359851837158203,103.83105445000913,81.8809628022784,0.730116605758667,116.87854811375243,109.25020744828399,0.7439204454421997,106.75657398505899,109.00633696916039,0.4551830589771271,116.16379556025049,172.63570110157772,0.6352892518043518,112.36088377956287,171.97178347101473,0.5995129942893982,leg
0.4935945500345791,94.09333462845026,81.49902403122721,0.46056297421455383,91.97100331347278,75.26443422072593,0.24592921137809753,92.8784797163789,75.77346920503253,0.472695529460907,88.80931690973068,78.30313894071467,0.2617584466934204,81.9845860106472,79.66279501117158,0.6199610233306885,89.70015707646826,94.87836073344783,0.5962012410163879,76.29192070274502,87.89681460606913,0.5319041013717651,87.95678105335756,111.38545232988054,0.37250930070877075,41.318669300598856,66.57297156664184,0.5207323431968689,90.24565284818064,89.7039747423699,0.45652511715888977,64.08849337685433,114.26860646051192,0.48239651322364807,87.68797403179718,128.28096619839798,0.7016155123710632,76.84012387049339,128.2410944482232,0.6292101740837097,85.3244885396401,160.2844891381171,0.6177603602409363,76.87759102550463,159.8126185079493,0.42064929008483887,81.88589964395368,172.9884106825298,0.5314292311668396,73.02992705705101,170.34095140746595,0.46926698088645935,leg
0.5051589958808002,47.71140131968933,46.547017672646376,0.09150278568267822,59.905228076741864,52.32327828611382,0.07409074902534485,60.8563167111883,53.844055591390294,0.05384090542793274,62.787767699720334,48.69817741186239,0.09074461460113525,60.350879713718996,50.26798174075116,0.08449786901473999,62.24443606365516,42.764910093077425,0.4316416382789612,49.007869972793046,46.63120076814051,0.6623958945274353,88.42485776671177,59.85984950677894,0.6437187194824219,47.801520202874215,63.679753759955624,0.5062836408615112,83.11711470904518,80.3597624663713,0.6732809543609619,73.17407808415157,81.17276499707411,0.5530359148979187,82.6540074923623,75.00834483580832,0.7920038104057312,71.17969794959875,80.19382758827062,0.7543039321899414,77.08696001698536,110.57651089323171,0.7365404367446899,73.40531998571255,110.16007954044565,0.8552283644676208,81.04935879837214,146.5055977787953,0.8124498128890991,76.67799181511431,145.23800207947016,0.7721428871154785,leg
0.35530584875275106,94.83753011384363,138.52509376139957,0.6886569857597351,97.77458279977049,130.48453720627128,0.6404650807380676,85.009085807355,132.80222851942486,0.5971513986587524,106.7143243574447,124.31679514131658,0.614507794380188,75.01466209322562,128.77727464015382,0.3774236738681793,121.56139922976959,121.10682090432728,0.5051798820495605,71.76162779099283,149.04000545754045,0.7949825525283813,131.84485528255715,172.13428066862232,0.15814870595932007,92.92735533955496,176.52507143725683,0.1484476625919342,144.80409139789035,186.30379405930813,0.1655924916267395,116.69325179163121,189.35757648156311,0.25910550355911255,102.21550492461091,176.5411376953125,0.09873279929161072,78.5809171802803,188.4075298383542,0.4464527368545532,85.64047015594602,232.23295100468144,0.2528212368488312,106.86925153324114,232.2834475031159,0.16600239276885986,102.08480181861017,240.76114164716077,0.07293388247489929,106.44661276256991,265.8925275394425,0.05359464883804321,leg
0.6596925258636475,71.69438818549368,39.387905551301834,0.5561820864677429,73.33758164936467,33.507314451937546,0.4430980682373047,67.6521746564932,35.71754262605066,0.5954540967941284,81.13140892889714,32.07189359553593,0.28875160217285156,64.45253127279913,47.39465082665826,0.25646764039993286,94.91640974111596,45.31394127278013,0.7631738185882568,65.67163430299277,54.13689965867811,0.7983884811401367,115.52431574127556,113.62187723241428,0.7299859523773193,91.21982559619713,115.2056771957457,0.5416275262832642,114.87835242126704,124.91892358208446,0.7861514091491699,53.837819971463105,105.78397461412483,0.7232962846755981,134.46021766514167,124.11914632478114,0.9416859149932861,100.10838490051984,129.8381107790461,0.9523251056671143,130.74933953786174,145.69052907743344,0.6852233409881592,97.06785446938838,181.58362718871595,0.7230258584022522,103.69728771165188,213.755970520732,0.71670001745224,103.2001955499909,212.98120995903759,0.7132357358932495,leg
0.6036321696113137,170.14446332760824,99.26642629423031,0.22795474529266357,175.08268244999394,96.51210502891689,0.14635026454925537,168.7807728808214,96.89604762927104,0.12665599584579468,111.99695275451424,63.214473501717535,0.20102667808532715,81.36825264659839,70.79153098021037,0.3023926019668579,127.06525038188533,66.41198392044245,0.687314510345459,82.92485396685768,67.84296740817653,0.6050029397010803,139.06193595915917,108.3378773255107,0.6575531363487244,104.70940853371232,113.12574690881871,0.940577507019043,165.5343912918744,112.0458966563184,0.7932902574539185,156.0114107243282,114.13710182279002,0.6184046864509583,126.76250294488693,133.00315471010913,0.6196221113204956,98.29817003777055,132.6163622191908,0.9301190376281738,174.8069199142753,191.00426106137525,0.753176748752594,163.85147747826485,191.93017269386857,0.8974934220314026,127.05798316094663,263.39344069187746,0.8738276958465576,81.8492251147556,262.8591574583536,0.8809845447540283,leg
0.04470303304055158,95.87929870367978,52.759142330184524,0.012112528085708618,96.17949014507843,43.83803193207381,0.00382271409034729,92.55983523357705,53.399664140397014,0.029947549104690552,110.00876222603054,33.53751661248708,0.0038823187351226807,90.9984603466227,58.338925254020246,0.014215230941772461,178.67215523923883,103.06133166361413,0.05595284700393677,88.61265664898468,70.03187929146021,0.02072116732597351,185.9593254119042,123.34663005190602,0.15991175174713135,96.71177845520734,84.20025717887434,0.041853100061416626,159.45124644713644,129.40376964524563,0.03463342785835266,159.15179419610288,128.40671761954343,0.03401157259941101,152.83171657458354,104.72982681215042,0.020746171474456787,45.9898536771188,272.6631016118981,0.016516894102096558,229.04933231813902,259.51716204097767,0.07048752903938293,225.14339699355548,259.8100239200815,0.04955899715423584,193.20273195259304,215.09878551913607,0.11067494750022888,191.13950024319067,217.7662474635974,0.0809028148651123,leg
0.4658838194959304,126.84789279091683,87.31694202942607,0.8664959073066711,131.36967165460848,76.83582825419505,0.8508549928665161,113.67202936907225,80.35103467651842,0.8961504101753235,138.0065146123389,76.02530156591988,0.46549132466316223,98.51061156751581,83.75103427278393,0.6915267705917358,163.52637621215348,121.2310137915704,0.8150643110275269,89.13350086731671,118.9153263077198,0.9197070002555847,178.7435449978721,177.6397705078125,0.6625427603721619,117.72042359823385,180.05982632766901,0.5745987296104431,169.69708394447653,158.0813990492765,0.363262414932251,159.94246070950877,169.77376974974163,0.28736448287963867,157.82406580587306,208.31560068093387,0.15585193037986755,120.8072113155855,207.2128533389318,0.21555453538894653,120.06999806207443,285.2082842518847,0.040742695331573486,132.31473098933003,227.11342540696438,0.048180609941482544,130.58798229647982,279.35168789518485,0.030966222286224365,130.33430641263377,279.57914478584024,0.03566983342170715,leg
0.7705848795526168,73.07908766928351,66.19522302531084,0.886156439781189,75.25818524193672,60.732619586157895,0.8864004611968994,68.01035246496535,59.844566968628406,0.9257319569587708,82.39936977045082,56.141615099480184,0.5618622899055481,59.702280244938606,59.597793163492526,0.4018665850162506,94.83072600012162,62.06563808574751,0.9756624698638916,65.99350272449539,76.23516928824934,0.9143058061599731,112.88239594099588,86.80522636680752,0.9168057441711426,71.02051374977202,105.68948293010548,0.6739579439163208,116.79379949309947,123.84989400782011,0.8288010954856873,75.8534026980864,95.04201569909716,0.4279467463493347,103.20090802263195,117.63353459102171,0.854145348072052,79.3647617681481,123.82415593366215,0.8995625376701355,83.18409604321195,167.40757686154853,0.7790093421936035,81.70331962377645,167.74227869649806,0.7667144536972046,82.50546585261128,213.61826737103297,0.7480025291442871,84.86228081966652,212.61580055325877,0.6530112028121948,leg
0.7502445911659914,81.01999601965287,106.22580561656433,0.9636222720146179,81.46252168291738,99.4186015444507,0.9254851341247559,76.08519676594419,101.3375486381323,0.9438914656639099,87.39514777632539,96.33301612468082,0.6648564338684082,71.56173468563807,98.78819684574113,0.6667826771736145,102.22809787854146,107.66880317420812,0.98408442735672,66.95355960831105,117.87428800234072,0.9897328615188599,111.76912181572229,134.10547456852657,0.8362356424331665,71.93122299728691,149.14572749156434,0.9627066254615784,118.30614735644153,135.6993293020048,0.6613982915878296,80.63030910863023,151.7734690862871,0.833890438079834,119.15021369429414,166.2927887319127,0.9407110214233398,85.9649569144045,170.58848221478297,0.8600958585739136,113.76582639226655,216.1570033210725,0.7390980124473572,104.92706892555327,223.25034531174003,0.6173878312110901,106.9457354712579,247.44873046875003,0.08483126759529114,103.07038303479146,247.41497707738026,0.07934778928756714,leg
0.7320393919944763,81.38295630072807,57.525864834915346,0.8604536652565002,94.09648731988693,70.38844513058199,0.834794819355011,75.05420432480393,58.274054620052596,0.844100296497345,94.81971829781736,62.365148225183155,0.4164499044418335,68.12595115097581,57.40829794323398,0.4800878167152405,101.85178764135458,63.27843128011385,0.8349546194076538,81.65832697649412,68.60190217133163,0.6680049300193787,112.51075239960787,87.0914622503496,0.7639703750610352,84.12886148296906,86.66656137904305,0.7898485660552979,99.51804788196134,97.30543440881871,0.7362871170043945,91.27342135062014,99.54001578839373,0.7381588816642761,103.31064662116975,95.92694234291403,0.8499941825866699,89.56848322649412,96.10160501086759,0.7795865535736084,95.89312957882419,126.20947871226745,0.8471294641494751,91.534417890853,124.15917838130017,0.8714281320571899,90.92141533640108,169.5161218309217,0.5320582389831543,96.92788031314598,169.17502555401873,0.5973621010780334,leg
0.6466791647322038,47.08426508922058,33.71649641935,0.5552813410758972,40.34195836879864,39.03397140799794,0.3803633451461792,45.46716593582806,33.857781970547336,0.29316583275794983,45.265616331582876,36.44933663453573,0.5429850220680237,59.925729476988096,38.37567785834524,0.4269189238548279,77.49438749677013,59.28295595636628,0.8696401715278625,43.45252486054537,48.51965403278514,0.9198815822601318,78.62715665468446,81.45734438172575,0.6414886116981506,39.85538408450117,67.0166683568101,0.7393438816070557,59.15747022814324,119.20841974043198,0.5476218461990356,53.607673496587736,74.60465783738906,0.7634568810462952,76.05991289309492,102.54249127458506,0.7186905741691589,51.77012640214616,65.13626158005533,0.6821346282958984,62.34323820715285,140.40238792330376,0.8732175827026367,63.7910182373997,140.7804971539093,0.7404377460479736,66.47321945962275,185.91054478508028,0.5865381956100464,66.39779532465954,186.16783646757966,0.7123796343803406,leg
0.8279568535440108,43.23465963282011,92.95779276450784,0.9649194478988647,44.631765046472225,91.01001724658774,0.9155707359313965,37.81672377530704,88.1471062448702,0.9579482078552246,51.868634650679425,86.53724759469237,0.6459319591522217,31.430849305386673,91.4752796930098,0.7469040155410767,60.587313759651636,102.68749726885488,0.9802099466323853,26.062305613714443,105.62493290882631,0.9849255084991455,85.70569702623419,111.090087890625,0.955614447593689,15.838786321855238,139.91479836549277,0.9610532522201538,85.29204431674825,162.91885672840164,0.9004930257797241,31.01552228519425,138.97371106574508,0.681760311126709,70.09259828797575,162.2926110887342,0.9461297988891602,43.15871895519213,163.43710932750184,0.9804333448410034,51.35035533385519,202.6891864227414,0.6429606676101685,47.29721425572258,199.73059034533074,0.796564519405365,55.888601221463105,226.9699334170568,0.45251867175102234,51.689189510122816,227.8738652685737,0.561328649520874,leg
0.0785989761352539,100.73058725794931,106.51462421343021,0.04837772250175476,61.534831124984805,87.58408364618799,0.05326089262962341,63.105762051237235,90.27850377420508,0.06958752870559692,65.80420764967626,86.91590008568672,0.0919194221496582,63.7710155680022,89.15347385035415,0.0532149076461792,83.75218610355364,87.42265515754195,0.05610212683677673,61.63466635381202,94.03249540217656,0.1348133683204651,105.9370167060585,110.2088037631855,0.05357977747917175,58.89124591990668,98.23896949857127,0.06751221418380737,100.7332946539853,114.84327798687531,0.09395626187324524,64.83004380756779,98.14924247533895,0.06596621870994568,96.16112616275535,114.07359379274837,0.1301870346069336,72.04376695684887,114.06329856308518,0.13837003707885742,68.80798339843751,134.32688434764106,0.040569037199020386,65.99275462822229,134.3759380889774,0.07555738091468811,83.16087834102171,186.43930635563595,0.061295390129089355,65.14894656170203,168.77064389477445,0.10191327333450317,leg
0.02272734571905697,52.077896771263994,19.825916067635504,0.012371033430099487,54.58607655091045,6.4666710938924945,0.004172027111053467,50.533060155490034,8.112918727592737,0.005770564079284668,60.042895602808855,29.081685997632693,0.007863521575927734,28.862162786699002,-1.5132632237000225,0.007285624742507935,-45.300328406842304,-5.788577484249605,0.0315510630607605,-44.43991583145082,2.401163049245159,0.02925819158554077,24.011056803543752,14.356628744518712,0.018763870000839233,55.27863558164367,246.76612824317547,0.04027670621871948,35.96294121055752,0.801813370522822,0.05980658531188965,39.18166995512372,1.979619705259568,0.031017571687698364,25.302809778354515,0.12094233518444611,0.014245599508285522,60.962973865553565,232.63316469897558,0.01993083953857422,119.97735880692181,61.58015477518164,0.034560561180114746,45.70437479575784,1.605414741234093,0.02274593710899353,51.31675334292164,9.936025448810266,0.01929795742034912,68.93833917402573,37.250204865570666,0.027447223663330078,leg
0.39569010804681215,61.44923644307059,102.65417136106974,0.4797646403312683,57.331411755038616,89.06804838069219,0.3426749110221863,59.65293260863784,101.79142933411357,0.38957542181015015,64.05376033560312,88.9143858438336,0.26897040009498596,54.61522558783743,95.6879968309217,0.1487618386745453,76.34809026458385,102.57559453466988,0.6817836165428162,53.18427772373542,105.8243094715163,0.680621325969696,85.9841491461728,114.06353902260155,0.7463945746421814,56.38905091044505,120.52650303228357,0.38046354055404663,72.0516575913485,125.1784150238631,0.38962477445602417,53.00046868825238,118.56657985583354,0.42228516936302185,85.01404639811832,129.4456452247234,0.4248661398887634,68.82364889063261,138.980435026295,0.3861943483352661,78.3260657165765,163.67847724647373,0.31235939264297485,64.1773832447334,166.2361471569492,0.28740131855010986,79.20402794032711,186.35988346797484,0.23166239261627197,66.76905591200298,186.1791113471243,0.1533280313014984,leg
0.6863688353229972,72.92393784578672,82.15823934235925,0.5736770033836365,75.51016009735227,77.8164934091531,0.3276951313018799,64.31137263079098,78.7323680833156,0.6179527044296265,94.80805155832016,76.41040193431573,0.1971530020236969,54.42875368585847,79.05267797091592,0.291376531124115,111.18133188685556,85.32397793424732,0.6282482743263245,60.673487325586706,92.84978191212458,0.7410775423049927,120.76269958733585,125.73861444970514,0.8464404344558716,50.49688435714069,114.01537587206651,0.7804166674613953,145.62671230924732,114.48879613022861,0.7321181297302246,141.65795470953915,115.1192097348462,0.5421993136405945,99.66857553919931,173.58426936405644,0.8960698843002319,71.81321971611291,168.79787816147862,0.9448944330215454,101.11208073359984,199.86287870295783,0.8664219975471497,63.69820976999483,189.0100679508907,0.8841210007667542,108.68920945935676,255.94858251193156,0.8780200481414795,67.77593115424368,257.4627828041403,0.9203881025314331,leg
0.4869336082654841,118.01064932856579,120.14834036622995,0.3262978196144104,123.13010367901873,116.66278171168229,0.23100849986076355,116.80931358485836,116.47764569590528,0.19383248686790466,79.26971791783197,80.47622502545903,0.11406970024108887,111.16742085853903,115.52099977485865,0.12855520844459534,101.19837898224708,82.34984104735379,0.2575031518936157,80.41429630977171,92.02562918458932,0.6604346632957458,126.71717187310009,94.84084014298851,0.6759117841720581,86.6043476742993,130.88321908438718,0.3986843526363373,127.47871606730303,111.7402458933077,0.6695123314857483,107.32713988782831,133.1874624764409,0.2919791638851166,117.31778749696014,122.4169245025991,0.580004096031189,91.89413642141142,133.179384817873,0.5692015290260315,110.32839526462186,185.10393669633086,0.6722830533981323,91.12999170206865,166.6721626014561,0.6991320252418518,109.96102655908015,216.28526620827762,0.8984432816505432,98.86495983554232,212.2157649771249,0.9110181927680969,leg
0.005338512799319099,182.4869118775839,85.58630145477414,0.0020747780799865723,-52.622405285965144,28.237009605081166,0.0012884140014648438,181.59302589030582,81.29078609006415,0.001528412103652954,186.5795862813868,70.47268611447821,0.0011859536170959473,157.85626956924855,67.65947453242796,0.0012278556823730469,197.23904977048883,90.55553985476958,0.004068106412887573,141.14071738395248,103.49650995276782,0.00362434983253479,204.4931968362415,134.76700541574203,0.0029176175594329834,-11.72629478840512,186.8026852143878,0.002368032932281494,-14.551867770777598,190.12031406743984,0.0022002756595611572,215.35099489679595,162.3104407165765,0.002705812454223633,-10.437427327790608,189.60738720133148,0.005116701126098633,92.89534750615576,284.4646409327882,0.006785720586776733,191.67292850954524,242.59916075472702,0.008833855390548706,48.35277809707108,179.6328949093355,0.01486670970916748,51.037855927582385,197.2955904118282,0.01202392578125,47.91669140530004,198.3447241875912,0.017938196659088135,leg
0.03581037240869859,110.45275736411722,127.60373423535538,0.02845853567123413,111.87346343400415,123.80732376751733,0.019010812044143677,108.5358319115546,122.67684342796237,0.01895374059677124,121.76456080336516,126.07422468727202,0.02401798963546753,110.69001075358707,124.18520144451453,0.014934509992599487,122.81390832092049,137.21203340166738,0.03656888008117676,112.02169336697472,135.3370369640306,0.043808311223983765,124.53994454112964,115.2293490992446,0.03506821393966675,117.31365515564204,114.70347304288516,0.031773656606674194,120.40551924056118,95.51162422862963,0.06285536289215088,116.69175559908501,93.10533694256141,0.07661402225494385,128.5319465607521,207.2611946076271,0.025313764810562134,121.13208102808852,212.46835434019334,0.010245949029922485,134.75861901902968,258.84389320700086,0.10359621047973633,99.56302271742766,244.87891289974468,0.05030891299247742,95.13193271503374,245.2988442743799,0.014374971389770508,97.31514481718904,246.05499148832686,0.012872487306594849,leg
0.6902650822611416,51.57034016768756,54.22514384822623,0.4441363513469696,52.86960527590742,50.34297393917574,0.24109196662902832,46.429324613934824,52.01077887984102,0.27467650175094604,59.219838301959214,50.04533404042285,0.3256339430809021,48.62813986692912,49.30038155284837,0.06789243221282959,66.07593580906494,62.39781954872933,0.8387948274612427,49.77587985621352,66.17538956816558,0.6713937520980835,72.57878938073779,75.40489820190905,0.9190740585327148,50.36365197326424,78.11324717005867,0.7366373538970947,61.908914885168414,88.77681628275475,0.8522127866744995,47.89220906417194,87.9513900103736,0.7225657105445862,65.67875012349526,99.97867628758057,0.9491052627563477,56.47431607376278,100.08931438282771,0.9038777351379395,58.91949546012434,124.2147423413941,0.9752194881439209,50.9645513987263,125.08756585622113,0.9641118049621582,61.00234688487963,156.80919008960058,0.9404498338699341,51.61869034229086,157.7775650915005,0.90763258934021,leg
0.38219885966357064,44.69107839383969,47.75273512309628,0.10324695706367493,46.370492185600085,43.98103409704068,0.11195605993270874,64.12993256683944,47.281020346318705,0.11410751938819885,59.43434600236351,43.270636532557155,0.14092785120010376,54.17085640161419,41.43942599166692,0.08163875341415405,64.68596402773134,48.046198150991,0.29842978715896606,51.826144563548766,46.68563367791677,0.2567509412765503,71.13678037888346,67.58058599924763,0.38152408599853516,44.18337038982703,66.70244565733677,0.14375805854797363,64.78212111654913,68.28874818081987,0.25996267795562744,47.57962950472702,68.95139671949097,0.1332342028617859,64.91966395990394,80.59588480552347,0.6495911478996277,52.356331079386564,79.8193341563184,0.47331875562667847,62.50007124726412,111.64745523771887,0.8624370694160461,50.69899503359072,112.06017282686345,0.8891186714172363,69.7575491226137,138.7065071076271,0.809763491153717,51.79353112840468,144.06009777974526,0.7876145839691162,leg
0.4804595796500935,81.73525620991154,80.11129653871292,0.05734318494796753,82.75047628796054,72.97377679134621,0.03373339772224426,81.9140601250912,72.16248864793593,0.05488991737365723,76.85229824674734,68.58093321091471,0.09935495257377625,80.00945154331075,67.2877909144539,0.1266404092311859,63.17555765233615,90.49446313761553,0.4423067569732666,92.57363048508938,87.64402931302439,0.6442080736160278,76.55330019702244,117.1990865863251,0.47884348034858704,93.13689354328795,106.45041261665553,0.6717416048049927,133.35438887896706,109.66899886669353,0.7740659713745117,133.16278717397253,111.8785190211196,0.46125397086143494,97.51185851338309,145.85533290521644,0.9025575518608093,97.77075325932486,147.5853144426754,0.8794078826904297,102.28899647753528,192.44447106981093,0.6290113925933838,92.04134217496048,192.87815316641843,0.6339983940124512,103.27835379871414,235.8931367035506,0.6033517718315125,93.84217021066391,235.991066068063,0.6751041412353516,leg
0.7109922100515926,58.34541172368982,100.00214335519517,0.3780222535133362,55.43182610537755,100.48202930257479,0.32326018810272217,59.761789522282356,97.2530676697015,0.17926546931266785,57.5221763046799,101.76307292299977,0.6780010461807251,66.51011663652116,100.12931081571469,0.3744451105594635,60.201803719487174,114.03487981061528,0.9496151208877563,78.51206560543076,113.71080272392541,0.9704629182815552,50.99729842249059,130.8467493910734,0.7863584756851196,92.68865919298699,130.25203957168046,0.8045186996459961,91.80978856661906,125.46275394899837,0.5715101957321167,92.38226033370319,141.90051305154884,0.6658722162246704,63.185327433426565,153.40832662025778,0.9849189519882202,77.91936852124878,152.72599157192366,0.9725034236907959,63.60495600718933,185.9556621150748,0.9708625674247742,71.59880998069674,186.64025926404426,0.9468504190444946,65.70905692846395,216.4380381543349,0.7656090259552002,75.40351184889501,214.65594814909107,0.7647914886474609,leg
0.14843707750825322,126.19571314711516,126.2086237450982,0.1416073739528656,142.73685202988207,126.58732076563261,0.17995160818099976,119.87331998951242,123.09811959470757,0.17152240872383118,148.90891346022315,108.0613132580709,0.10775506496429443,103.74372311603236,112.62458474719571,0.09144225716590881,72.39346634089252,117.77021356129926,0.0899355411529541,80.55990790578642,117.97423010206408,0.09283179044723511,161.4657094042589,178.76346454546146,0.057955801486968994,104.9516492316695,181.18980793637525,0.11265987157821655,113.13234915529245,192.66792030186042,0.13156455755233765,119.08837106905096,190.2889029061284,0.5172407031059265,88.33008999954401,200.3223879328034,0.1698003113269806,121.19752164016901,206.77352489664398,0.35351842641830444,82.88594405474831,266.2379520876398,0.11117005348205566,84.34881959907742,265.3573002796693,0.15979468822479248,80.4644098541616,315.72234751185556,0.015249639749526978,117.80928674838887,251.9033231623906,0.019430220127105713,leg
0.06483147424810073,95.70112710796906,103.35464774402664,0.03073945641517639,95.44477054581105,96.18841089627159,0.03053310513496399,93.85492347093873,97.76203140674399,0.025719016790390015,98.96385994402817,94.70816883131688,0.056236863136291504,102.73160229397192,93.12778873666252,0.011558622121810913,145.6759263569279,83.93426442424611,0.034691959619522095,146.63434455366914,84.14821105244559,0.032901763916015625,188.86090586621475,133.015943594016,0.14733663201332092,138.418911588795,133.93145312595,0.0781288743019104,173.38151152495746,118.42817313940145,0.16726478934288025,172.4163782735743,121.09306127644699,0.13412073254585266,172.93263594927956,149.67153230065966,0.029837995767593384,234.45626937925584,173.5859436747629,0.028559744358062744,231.0541412709752,268.8222862867066,0.16280120611190796,229.5798572584813,279.84703449887525,0.08393248915672302,247.186926459524,307.3724887714312,0.022508829832077026,228.9824133253283,315.6549119763801,0.0252629816532135,leg
0.13539860879673676,105.21991299284107,57.52978788739513,0.11494597792625427,111.40693634864422,53.80801783461516,0.062335312366485596,103.43857108387039,56.188665011513564,0.21229961514472961,123.95238616587125,59.487097179843296,0.039080262184143066,94.68205967765837,64.23403966287695,0.06298607587814331,138.828529921951,57.07666419359497,0.14373251795768738,175.82760821984436,127.2210651798471,0.07029280066490173,150.43784412428565,57.28516931199842,0.2208186686038971,187.2001143281098,172.17065239694796,0.3218632638454437,167.02406471341502,113.24409752040522,0.1552707850933075,172.42375236540917,114.9961300861047,0.18062764406204224,198.1564473549216,182.83342888383086,0.07095503807067871,191.8595963415005,186.339649244969,0.09246447682380676,195.0625705347915,177.26255186800827,0.11412650346755981,187.90836556876218,179.16649250668775,0.15108612179756165,231.10999912603359,306.5430637463522,0.14156904816627502,227.74837508739665,305.781394869437,0.14732223749160767,leg
0.35178156635340524,74.65966369391415,56.12937392891613,0.5167441368103027,78.63926868958234,52.946420216838675,0.46180176734924316,74.0210566539245,53.31211461167391,0.5381792187690735,86.79014272726928,50.47846397073353,0.13452288508415222,69.99191699788729,57.87251839841851,0.20112377405166626,92.55156164503285,51.414577320855884,0.4806002974510193,71.98769535999818,53.39754008133588,0.4701232612133026,107.36782207563232,68.29240850901326,0.4685664474964142,70.43104951019882,58.52886155421632,0.23857441544532776,102.16898046115031,87.70720782446955,0.45863884687423706,72.5269213724693,54.0647350860477,0.1262417435646057,98.04048649531859,81.57631840687318,0.3532353639602661,85.7821275288029,83.85083387797908,0.21833249926567078,96.25296388618679,112.78269133215285,0.2414124608039856,89.0671162289868,113.33587290248055,0.2659633457660675,87.10858237418685,150.79063088977384,0.4184364974498749,96.90425293918713,152.20494251770734,0.38778966665267944,leg
0.34163139497532563,112.86846710086334,67.94052272455238,0.44752228260040283,115.74714155976412,61.880787059026936,0.17404398322105408,109.52314087389044,62.177117789301896,0.40387973189353943,114.40309754605425,59.980600260574995,0.12380579113960266,102.38900982452276,55.979745768387495,0.5748217105865479,117.61807690334692,81.14769486601715,0.6634196639060974,79.65472032123967,76.05237552627979,0.9352889060974121,124.87149368464253,114.99039468134424,0.2726390063762665,72.61771710466319,126.30356072451819,0.4650583863258362,120.32819814719116,131.30717592944433,0.6070927977561951,101.78757604457991,133.70771890484406,0.2321271002292633,104.2892099818367,141.56925780300037,0.3050794005393982,75.82492160426041,143.76385165559643,0.4548874497413635,99.03536547946561,186.22554675150477,0.05057981610298157,85.21933648372902,177.56920009271644,0.03348863124847412,85.3270089116078,243.13757632956896,0.034208744764328,81.3682793643224,228.61676049139714,0.02979031205177307,leg
0.5754824070369496,33.709069634226054,73.53553029813655,0.3547513484954834,36.22317184270125,72.10154551940207,0.38262462615966797,38.31813530235439,71.26924833898879,0.1407875120639801,49.77767884963218,72.29805883266583,0.5470551252365112,51.399943429672305,68.28690465786114,0.11295723915100098,75.26924637968902,74.62980812161814,0.7432034015655518,47.821353660019454,67.24722895640808,0.6880660653114319,81.66474813617157,75.89098266126581,0.5313827991485596,53.43261006277359,96.03404479267996,0.3723370432853699,77.84933246063352,78.8603370755563,0.6125673651695251,58.172093847846256,100.51641501341349,0.4141556918621063,74.41067231768301,96.28793441831834,0.9345460534095764,61.5344214532162,93.33038923805327,0.8932298421859741,71.87605980305356,138.2712041357612,0.9189634323120117,67.56114737069097,134.57143167577365,0.8507864475250244,73.7505396980256,173.10249536417803,0.6832916140556335,74.65925402214556,172.67059444917317,0.6024953126907349,leg
0.5684211657327765,129.83356282868738,96.32797538074539,0.6354696750640869,116.5827116613722,88.51020902047362,0.6642692685127258,112.95870176085239,89.36476651796572,0.6355993747711182,124.54169009910021,89.82337625110196,0.6755580902099609,107.42943314726716,91.03765227915248,0.5233395099639893,141.53368166912392,103.99882988243252,0.9680189490318298,98.90885705613906,116.97973407196164,0.9844892024993896,169.5376147555934,110.47064636467961,0.828087568283081,106.85672982657468,152.9791331012889,0.8239052295684814,162.35858011802347,107.464590703467,0.7388144731521606,148.58822952448628,168.96149750349588,0.8428946733474731,133.11179194468934,163.87766678509547,0.1920674443244934,113.76851597648653,173.26643531888377,0.5214257836341858,134.0871135548395,179.43856799648896,0.12902390956878662,135.01421857900658,181.3463559874301,0.213835209608078,129.65106296168227,182.72112538378528,0.1551385521888733,130.76424802787574,183.60423522236746,0.1312229037284851,leg
0.19065693722051733,53.86495627317912,63.21933612749271,0.26222705841064453,57.47502842765839,57.99482768611686,0.11876964569091797,52.72310308909138,58.77580902455846,0.09399300813674927,75.7750663312029,48.757517476953886,0.07358968257904053,43.34224300161874,49.3590625807469,0.01749071478843689,98.53721351475104,55.73051393263999,0.5228326320648193,64.17349136293167,64.55763583053411,0.061379700899124146,97.59457658700907,104.17879156565388,0.33191198110580444,68.81012081636067,99.428976927286,0.37887272238731384,79.61023531071407,94.37028758720666,0.36701709032058716,77.41483102048882,94.2272943281478,0.13366162776947021,89.56333561166252,106.26868756364756,0.10176974534988403,80.65640341910873,107.96228846687288,0.09756198525428772,90.6899596930478,148.7476244974693,0.11970597505569458,87.17591994467412,154.4091191273255,0.20902115106582642,84.26799848385824,182.49626901826971,0.13039115071296692,85.32506742366093,182.20317558555752,0.22097206115722656,leg
0.7523684641894173,59.0743692004727,81.75671647958718,0.9488801956176758,61.79276403286114,71.65164131134865,0.8809628486633301,53.80658695206105,76.86727501538941,0.9163923263549805,73.1517064432226,70.36401177194796,0.7290854454040527,51.590574390693405,77.62011813746352,0.2880016267299652,91.01354695479694,85.56421480290157,0.8081995248794556,57.84901422285385,106.27321176491823,0.6855645775794983,129.6604319769121,59.86686290933928,0.8475902080535889,64.74824304246718,128.05448895762405,0.503700852394104,144.72149800697653,157.20851319309338,0.6135640144348145,60.2870599768969,115.00932864178016,0.4906485974788666,104.1556035498237,143.18246507459114,0.8261528611183167,82.9029721508694,145.51111065460088,0.7808341979980469,101.09927403787697,186.95032735742947,0.9079014658927917,86.71728349381385,188.62932257151326,0.8573801517486572,100.73436336294688,237.69880955321318,0.8479609489440918,99.13513836693673,244.15726717344054,0.8574440479278564,leg
0.5106576242867638,82.345239661547,125.70032795115668,0.8652862906455994,85.26969048763527,120.54377158792103,0.6888284087181091,77.37747964228174,117.3750138932165,0.7669548392295837,87.46326016080982,113.15461986259729,0.357435017824173,68.84122024714252,113.18688596732886,0.3396870493888855,118.62154118281859,165.32306003199477,0.6290278434753418,88.10924129263438,170.58589950145915,0.8412915468215942,116.85822483166646,205.36405808266963,0.5808820128440857,89.14796406193003,202.65942287816148,0.7741173505783081,118.49014341599283,230.13199386893544,0.6294991970062256,103.90748495257782,232.40088080617707,0.38227832317352295,109.9974160992218,210.50636499308428,0.3880923390388489,90.72963551324631,212.1068457221243,0.3379358649253845,109.76153421958597,253.16386538256933,0.18531769514083862,96.81799922007997,254.46624755859378,0.16813614964485168,106.16568480020368,290.14580871344543,0.3801904022693634,105.99150305128285,290.0721212305448,0.36621928215026855,leg
0.8263973996919745,66.45501578364392,44.99791067398012,0.8435530662536621,68.76515488680235,40.06258597169869,0.7422595620155334,64.87891052483586,39.92529249376824,0.7420909404754639,73.70827225859527,40.45878755443291,0.3866105377674103,59.77594991602324,40.37788183308761,0.6810941100120544,79.16005056655825,47.83640167592565,0.9592416286468506,57.92114317185221,52.35899097724648,0.9876048564910889,99.81778512205133,58.1930865573512,0.857736349105835,60.40887498670051,68.4257655756019,0.8440556526184082,106.89837385244408,76.34489007497113,0.8386675119400024,80.21516911250609,80.46389034286084,0.6235470771789551,84.9820920001672,83.82856020203825,0.9701268076896667,65.15089695555692,85.63623688100377,0.9722715616226196,96.35775970577731,115.80176743088066,0.8774409890174866,50.930450676944005,112.25926440049703,0.9523839950561523,96.65377427631779,162.27401555280278,0.8584883213043213,32.78337174352505,157.18875988912026,0.9115828275680542,leg
0.0260582215645734,55.4062216198398,35.13745630761529,0.0013861656188964844,81.92277900903605,23.104512552342992,0.0008005797863006592,60.884432662785755,27.007700404304476,0.0016300976276397705,192.30663730012768,43.35185396068291,0.002590000629425049,-33.21497505277047,17.277428148321604,0.0015906095504760742,-42.8944246314379,8.703061486032686,0.008792400360107422,-37.68224307999073,12.141551303492447,0.017065495252609253,65.59532848313626,250.7596620789762,0.03102979063987732,68.3262717399152,256.06045852839253,0.08147284388542175,160.00704635442,61.5222129376482,0.024286359548568726,161.49062813487964,61.65553883355879,0.021958112716674805,69.70265310562075,215.64313242871475,0.03051474690437317,58.25840990830953,234.01361606464314,0.03075149655342102,66.6872106173623,220.6161024041677,0.06857576966285706,54.616285390890994,226.20694646575572,0.049130380153656006,148.71827359329404,42.10665216705679,0.034029215574264526,150.54913235081773,43.17566392950511,0.03738570213317871,leg
0.7850693218848285,68.76291950389106,66.46866111903803,0.9037795066833496,72.66140948937561,66.76732519721243,0.8001173734664917,66.9778014899228,63.70128824553137,0.7793264985084534,71.9706850756931,50.35615468303517,0.6612653732299805,66.83711486103934,64.28877092057165,0.26096415519714355,90.04032713893787,65.42486643512889,0.97517991065979,67.28086953960968,66.82348140018924,0.8281469345092773,107.09749214380167,84.75527336625274,0.9596262574195862,70.5181849141993,87.15492575085118,0.7902696132659912,85.11680276477384,106.16696428232157,0.9703445434570312,80.0623259191847,105.15072002485105,0.8309261798858643,99.66189610818947,99.04049231384515,0.9702170491218567,87.22802841245897,100.64342216758877,0.8154604434967041,88.72553012714312,129.89782489227414,0.8671340346336365,83.66940568857157,129.8874940389789,0.82329261302948,93.335628880601,166.11397591082505,0.5299369692802429,82.92136285091652,166.25171468415613,0.5801910161972046,leg
0.7169772596920237,90.82186509663029,122.36637456871657,0.7596160173416138,90.0886327840011,110.65950505000609,0.5687326788902283,82.85428355176163,106.82193147533135,0.7729724049568176,82.97139624213432,105.65322697858403,0.3971419334411621,74.04599319636127,106.98814243658045,0.6842485666275024,111.3734857581469,112.8013670212564,0.9238368272781372,70.63410421289824,128.28569523555296,0.9723548293113708,124.1227739979785,145.822487916464,0.804598867893219,81.98019539799674,157.4638455758299,0.9667021036148071,114.73949150352627,168.80690875220392,0.8023529052734375,104.47685746367341,171.40893008458477,0.8712285757064819,115.54023950480303,192.83976870288183,0.8905336856842041,82.34618368779638,200.57469230681542,0.8268510699272156,106.79506531949175,252.89410542885156,0.7470362186431885,87.35942617928472,253.92362839516963,0.737449586391449,102.44786006467353,293.81171200525904,0.22608712315559387,97.95816918755321,293.712678308153,0.23687002062797546,leg
0.03311275734620936,140.92604937720392,98.96401728173639,0.0069609880447387695,132.31020678805936,101.96666198017996,0.00471004843711853,134.21494895846,99.83562068716562,0.013867944478988647,147.1432637611716,105.06085941299855,0.012487351894378662,131.8872652165157,98.39664859994377,0.009645581245422363,169.00954784586273,78.75073206563869,0.0341072678565979,188.63405457730425,89.5422345469434,0.016668349504470825,206.67254377431908,137.56775317952793,0.06587505340576172,159.55343283567913,125.94783204074965,0.0746709406375885,147.78871053851535,103.94279390921389,0.06727468967437744,149.24080102824053,107.38886376763134,0.08347928524017334,119.65596239854392,185.79633542071986,0.03372526168823242,136.5472281489391,169.32102900998603,0.03663492202758789,229.09029949499939,262.81731750250793,0.040249019861221313,244.33354477938047,260.65695796031434,0.02318742871284485,244.47210289624883,302.6858081149684,0.023441165685653687,246.13553058312561,286.63732625167194,0.01593157649040222,leg
