0.31980740848709555,120.90156050507662,78.70600659559673,0.23307499289512634,122.8131780364634,71.7892821196916,0.19700920581817627,135.00301494672607,72.87675137649715,0.05053293704986572,131.81430801807213,74.54111418371535,0.5209840536117554,142.4921354894972,72.64255271347581,0.20752355456352234,157.0804224867765,104.7455457397936,0.7314850091934204,157.70273171510215,103.61710485317364,0.7383196353912354,93.92234119459815,143.91958036311408,0.4771314859390259,162.38059552263195,150.48683255562986,0.3783090114593506,94.3686251510442,148.72861928976928,0.3710939586162567,101.77852764203857,148.95192602729057,0.27913403511047363,108.30490171677408,178.97234371200148,0.375225305557251,141.75768306747023,176.3207877192516,0.38039395213127136,121.25268483440237,263.4699068180782,0.1103370189666748,102.175553021264,243.27230490599163,0.12287890911102295,107.73764881178565,300.7464575860287,0.07280826568603516,107.98033480514349,300.8151043249939,0.19048461318016052,scoop
0.13721178209080415,63.31661832935616,101.16087323496778,0.07058414816856384,69.74813557784381,90.70241608972216,0.036056965589523315,62.83356187872387,93.39501050659655,0.028898686170578003,83.54287054752098,100.66596302077001,0.09239569306373596,94.02681640150018,113.63566357801861,0.029907435178756714,106.30331670263863,117.30792568815359,0.20572429895401,98.48643202726015,125.95256998381262,0.1409454345703125,121.91670933586153,122.56320404171481,0.24817302823066711,72.44329489622599,131.84617929421512,0.08759841322898865,100.84543784768667,179.97878256474954,0.32698649168014526,95.2851677683077,179.33960554664702,0.10785609483718872,107.76012732361079,214.4652014112658,0.5503718256950378,120.93433424656493,213.84125349586577,0.2504335641860962,113.40962569537331,265.7919798379742,0.054494380950927734,117.97164145146829,266.2678046912999,0.04148143529891968,101.26004348933003,280.8731197847003,0.02815091609954834,98.38353316607643,280.3743355005168,0.032541483640670776,scoop
0.8344062566757202,99.64139470794322,57.585271694316944,0.90186607837677,102.22216654380472,53.62550015579402,0.8167245984077454,96.27926303254955,52.723817046050435,0.9323898553848267,104.13666958938776,51.69954856546009,0.5479092001914978,91.10360349662574,49.831944031474194,0.796521782875061,106.2719679064324,57.4362491355332,0.9684635400772095,84.1591237583977,62.00671659833263,0.9885876774787903,119.14267929611503,66.1138185731168,0.9457851648330688,74.22614190365091,74.82918468430813,0.8495015501976013,127.43942320114908,71.50624345712625,0.9253365993499756,84.73531819503131,81.68474783693307,0.6663195490837097,95.05396149037878,87.90484773509698,0.9531724452972412,77.7962265311512,89.15077536022618,0.9615029096603394,125.60160002355912,106.40062859086211,0.9365708827972412,62.65203275569219,100.43648448899563,0.7417734861373901,150.03082631626947,146.61411626793532,0.6103826761245728,41.605038772761134,150.82404585663912,0.6420983672142029,scoop
0.4856542261207805,150.67107204333354,41.4743371510784,0.6573382616043091,154.69349664472887,37.244761129297636,0.6681873202323914,144.82338159464678,34.965463185588675,0.7948063015937805,160.22306805918655,38.13758286056816,0.27815473079681396,132.69613540590043,35.25399679339814,0.3756554424762726,94.01844484796786,63.03926312042118,0.6766834855079651,124.73420020671207,60.68812121677028,0.8255454301834106,182.38798505137405,92.20481605381354,0.3976815938949585,120.55683061770429,91.29460553714738,0.6987696290016174,155.9301532196164,108.7156125079797,0.2183181345462799,61.35469132360318,79.91582076373268,0.4433281421661377,89.46259198021798,96.2480982917756,0.43593889474868774,67.99346686337245,94.41479931545629,0.570451557636261,84.85535202323231,120.22545662371566,0.3587895631790161,70.33089366868313,122.06858772248147,0.44094589352607727,84.48891843803199,140.2336209664549,0.242259681224823,70.93940764549642,140.26492523312106,0.17326778173446655,scoop
0.04878302181468291,65.21223194404335,77.57919549014318,0.014808446168899536,64.52463350407345,77.50470647552135,0.018063992261886597,55.81762113459844,41.06013672824964,0.018733203411102295,65.76331172007995,42.33407788703414,0.009704798460006714,60.30916444058549,75.79019450028119,0.007933884859085083,72.78698279236077,51.1507130782428,0.020023494958877563,48.388232516871355,56.911593188571565,0.04550504684448242,85.91007870922758,92.7678653702198,0.08618757128715515,47.59147436238449,76.23597081997052,0.03210589289665222,84.12566426199234,92.46339909297484,0.017886430025100708,53.16838067793198,85.97380641833354,0.016993731260299683,75.80641512740911,79.90343264568641,0.030625522136688232,59.47196455781099,80.18616850737932,0.04360455274581909,83.83274004153242,111.07288167634364,0.11771756410598755,55.404493873685254,107.25946092420051,0.07461485266685486,100.71884927118799,148.7106560733068,0.1374269425868988,52.74005993794839,138.14550615006385,0.13737544417381287,scoop
0.6884932272574481,75.37796079880533,63.91983922817364,0.8092937469482422,77.99583464744954,59.222493746865126,0.6459019780158997,69.98644877036722,59.25927959991337,0.8361043334007263,110.49486449720331,103.00225877576301,0.5854670405387878,65.2640019873237,59.562846380448995,0.3748409152030945,95.30382564559523,80.21087349620775,0.9027493000030518,60.13057426719814,82.80352581335877,0.9599807858467102,108.12122626991123,99.0455419636886,0.8147058486938477,56.47058449830527,107.10324239174216,0.8611862659454346,104.1837462191452,118.86034123164671,0.45724737644195557,58.586539183145376,128.22672031269,0.47162410616874695,122.2794469692364,132.24932303224557,0.7455039024353027,69.57529862103296,122.01633676016841,0.7865785360336304,119.70348432370199,156.86422860112174,0.7873702049255371,64.03109479970969,137.1980065965467,0.5884482860565186,126.39044973173031,179.1577647168349,0.5906992554664612,59.18055434171329,154.72111089684157,0.4866829812526703,scoop
0.8322108703501084,74.70656220551132,60.13819475582138,0.8571988940238953,78.25816707388438,55.061822735381966,0.8084418773651123,70.78969042588766,56.12195085458719,0.8522788286209106,84.02661275307028,54.50340449114255,0.5809862017631531,63.415064236533325,53.26618239109619,0.8031219840049744,90.86701805025689,68.79315654591365,0.894378662109375,53.74644535524837,66.76745433287863,0.9921090602874756,94.24886740599163,93.22638604427591,0.7423419952392578,49.96904009511036,84.10347667649563,0.9660655856132507,84.1773096225605,97.22215526298791,0.6674568057060242,62.9935654220878,101.70068703736777,0.9087734222412109,81.29593667353174,99.721954583194,0.8266688585281372,50.66940960717109,105.35120982604269,0.8590667247772217,102.94945861578915,118.64340221835482,0.7415320873260498,51.02272478986808,126.09580370238784,0.9154713153839111,54.754585236426934,155.73928773635095,0.8277140855789185,46.85235524455861,155.64470699325148,0.9039784073829651,scoop
0.751057307509815,101.69979941520248,62.446677360089375,0.943069338798523,106.20257307119408,55.05692003302074,0.9610053300857544,97.93056977862051,56.81757797063093,0.9392118453979492,117.13765660148653,47.28799812524699,0.9566789865493774,93.57397769675646,47.855246577281434,0.44375696778297424,133.65095561580438,65.80116331345377,0.9705019593238831,90.47700162063776,69.06408317358114,0.9413016438484192,136.01946404008086,108.81663222257266,0.9543225765228271,83.97531472291465,101.22812174637494,0.850433886051178,121.52308601349708,199.47981778749698,0.6263572573661804,60.81351491727719,171.55418544427894,0.6780235767364502,126.1892296460816,126.71870962655035,0.8735337853431702,101.88431201741855,126.5985778333612,0.9397783279418945,107.01053485796146,152.91411997279306,0.3985440135002136,95.84721071710848,156.5381476851289,0.7510166764259338,124.51967469449175,201.58280547026996,0.3836793005466461,103.42425038378528,213.27056291038426,0.15675875544548035,scoop
0.012548657024607938,-13.535398639129752,134.55272036303808,0.0014297962188720703,170.4536764538242,0.7636916312726092,0.0013455748558044434,252.81366133040495,0.40869671083146036,0.0008602142333984375,-52.566197317398014,135.96466301944005,0.001581728458404541,-17.330495485535856,136.42933767593325,0.001905888319015503,-46.307954528452356,6.354138266715559,0.017268389463424683,-50.6436905044526,6.553610567916692,0.014873534440994263,55.13584715846912,183.54925014629438,0.013365834951400757,57.921383631368556,229.55405387433123,0.010060787200927734,64.3309834402359,166.02058855939933,0.004531115293502808,-15.04674236134332,189.83890518604088,0.003610581159591675,31.297750510130413,191.33627331210482,0.03251388669013977,37.39933949036357,195.8845917816756,0.03023013472557068,48.04256750915765,207.02705828596183,0.02560371160507202,54.06337099780369,224.2757715603721,0.022494375705718994,66.9994428463947,224.49426910756628,0.01935437321662903,69.6496540470346,225.90809981646706,0.012297242879867554,scoop
0.23098926509127898,61.239404344373185,125.41827784438078,0.11655554175376892,63.30984983926618,123.04346403723098,0.15642216801643372,65.87900837107856,117.33551619117827,0.07956933975219727,68.9651726748693,118.16768423592535,0.23454347252845764,73.1308220889318,121.28808285011856,0.05586317181587219,81.07635260555995,124.14951547110591,0.22436633706092834,71.44108634978417,124.95248994938595,0.3486327528953552,103.66857506421755,127.89958849955163,0.460749089717865,70.81707609302804,127.87719904680661,0.20658674836158752,93.2407542425371,122.76275872256507,0.22203412652015686,75.213620078239,132.6019880836576,0.22001495957374573,99.2676939018042,144.9633884058852,0.1848776638507843,77.37763104271797,136.8614167090984,0.2372150421142578,92.95610361062137,143.81898813210574,0.21847134828567505,73.63674891134181,151.7414078174398,0.4083137512207031,93.51967837560039,170.0544483466835,0.19741594791412354,70.43736379898013,177.60120792611565,0.3551860451698303,scoop
0.7705824252437142,77.88745865283774,92.83490013983463,0.9935258626937866,79.59801640492006,87.74897653305113,0.9907932877540588,74.87076043154944,89.48431052122599,0.9939697980880737,88.93158612084298,85.36150743061467,0.8764992952346802,64.74741479302196,91.31663875357187,0.5795279145240784,100.78806598826606,100.18387731411114,0.9913932085037231,73.32500650725012,107.62239448755169,0.9862887859344482,110.96908628708658,120.71141640036024,0.7598507404327393,74.99800804524106,134.79468497784686,0.9529067873954773,104.94228021643968,141.03095800496263,0.6125547885894775,75.22940134723828,143.5063996667528,0.9177294969558716,118.94858393687684,134.5620982841759,0.9641653299331665,95.00822965273133,136.7898132086728,0.8392940163612366,129.53234720786722,161.05369241321134,0.681084156036377,70.09305248928442,162.83102666357613,0.5399325489997864,145.7943214980545,182.83882586408683,0.18977797031402588,73.94477755179201,180.06832256391357,0.23060724139213562,scoop
0.23446744505096884,140.94001384096853,86.08955650478022,0.07312193512916565,139.96503065532283,82.57163378051284,0.06873342394828796,125.73930317325815,79.12257153700298,0.08434846997261047,139.43557442394214,81.33199372644091,0.061661213636398315,120.37217552096001,82.45452999604815,0.09000003337860107,137.66399339015382,82.9974341485287,0.1444094479084015,113.98605168561528,91.75628780854815,0.12072634696960449,148.39488226152116,90.89143508139288,0.1336672008037567,64.09381020393818,245.86436943321377,0.14091703295707703,146.25735746747327,97.32227548087154,0.20408737659454346,136.44236998799246,101.33297100141355,0.15189701318740845,115.90041223667012,107.39349483979815,0.4590042233467102,114.32461868464253,108.3771434739406,0.4116937518119812,115.23421469365579,126.55142995633969,0.34715574979782104,111.59725560288487,127.0579712864026,0.5477055311203003,118.87448678220758,146.8197180603265,0.28718775510787964,117.21955533157526,145.89996041027027,0.6596300601959229,scoop
0.03577009369345272,86.1006651407086,73.7739325497401,0.007627159357070923,92.9154481405414,70.84454339765854,0.007359564304351807,191.04689661167012,91.83278955838097,0.006842851638793945,188.40985724898167,92.89864862939264,0.019933313131332397,115.13439727664459,111.51155108143848,0.015630215406417847,-46.87301268373482,2.013085881095916,0.03283536434173584,-51.45696744844607,4.446065286717991,0.01519685983657837,156.58762297277787,119.46104472713249,0.05382046103477478,166.38328463187014,123.62572339722155,0.016856670379638672,179.9150815733676,116.97199483789824,0.06560593843460083,178.5221263128496,117.33947932024411,0.05743730068206787,70.24001778331713,208.56733507683307,0.019441455602645874,90.2222837455542,113.32196187416405,0.018968701362609863,152.2820973674611,119.15563442363813,0.030521422624588013,97.48125781344999,123.865417005487,0.032884806394577026,162.4120511897343,117.68859982026692,0.1431104838848114,162.93028597701849,117.31697409069493,0.06401902437210083,scoop
0.38912654624265786,81.60382281945374,66.50330510120912,0.5035561323165894,82.46937911334206,62.009339388242495,0.3719497621059418,80.15460893801679,63.14435283497614,0.4940982162952423,80.10296357744863,61.02163411300006,0.3656023144721985,74.16773695890079,58.9076075572448,0.3064320683479309,87.89430610864542,78.85035355267358,0.6314520239830017,63.166589402966935,76.25717578694979,0.8408188819885254,110.074185026295,111.64368803862932,0.5467192530632019,46.47536815836273,95.45845595779123,0.5517371892929077,132.29175374665613,147.7667010711789,0.503335177898407,49.661305349624584,87.36351102242675,0.23878386616706848,80.0749990262874,146.9051079063564,0.045684814453125,61.232252900238635,94.08400717412452,0.09375384449958801,62.54037938693155,93.9925167811056,0.10938933491706848,47.97345766297575,101.49349108744225,0.36423367261886597,126.1784356855697,157.7669136255168,0.24094632267951965,48.28756013269091,165.0613688309369,0.406658411026001,scoop
0.18425171164905324,85.29150996226747,131.711833671837,0.16572842001914978,111.52629332783621,122.48108266392572,0.12539219856262207,89.12126414970666,122.35406660384243,0.1230170726776123,124.64720729723979,122.43893100129955,0.15278354287147522,91.24919728082443,120.39198819765322,0.02679005265235901,150.75272140799794,158.5874861780308,0.24663424491882324,82.50750530554629,80.26994638405885,0.2279888093471527,189.6644325107916,219.96246219145186,0.5345033407211304,70.28663130585787,171.53680111183732,0.23861542344093323,130.0339635707989,138.74325288408926,0.05764704942703247,80.00863219977353,166.34198496777725,0.17707881331443787,116.87046154927651,218.70988185303685,0.34026220440864563,94.87617284871263,211.25323225088158,0.3764781355857849,124.3359992476289,281.90682852778457,0.06847226619720459,90.57056709022373,271.54875877766295,0.10883161425590515,74.28932932100408,174.59833167406373,0.06832918524742126,73.79255777203156,174.25085876702335,0.09372672438621521,scoop
0.09894262341892018,142.43832599328186,58.943217830435316,0.09824523329734802,144.53896251633938,51.137456634165254,0.12855538725852966,141.63324972071072,48.05640432157406,0.11457192897796631,144.7742922296784,51.606575338757,0.24019506573677063,134.04582576529063,48.49023336566376,0.2520448565483093,198.20713978333234,105.75465636494559,0.12499648332595825,-49.27922663521674,37.21296703769075,0.08328872919082642,179.13365939247933,187.34998888542682,0.03697836399078369,146.92009951817852,48.21874566579144,0.04773959517478943,103.19588509051255,79.65343490184978,0.02766278386116028,86.85598410521038,74.5984548724579,0.07196491956710815,190.646006068367,101.81527935577274,0.07894536852836609,182.95536263907468,102.9847497606092,0.06061267852783203,191.59751328049003,188.30277854830376,0.14163294434547424,177.28491757166526,182.02796075130715,0.0939074158668518,185.4802588080618,183.51471303501947,0.03754568099975586,182.5421106954493,182.28108446885642,0.043137162923812866,scoop
0.20227632803075454,136.29798740728359,148.0777220967215,0.11412245035171509,139.40199915073262,133.82341555584267,0.2702319025993347,119.48632266270977,131.561261485059,0.3533739447593689,161.30264222853845,137.09715609420599,0.6264463663101196,116.34292899402664,151.17616764766234,0.19716399908065796,195.26884917619165,185.94053988326849,0.26238083839416504,122.25016434368922,157.6069457057849,0.142897367477417,141.66703873571257,215.65032840238936,0.09494462609291077,129.8172293933913,214.25202959706348,0.0689668357372284,162.54255836575877,180.39189201384667,0.1559506356716156,141.82584888740274,195.55617751778334,0.23944109678268433,165.84543903514106,283.279727683457,0.08452975749969482,134.53955149372266,203.79843507759304,0.08898615837097168,134.5708646662968,218.01178334751947,0.11336687207221985,135.52486553266357,218.24282041319614,0.25408053398132324,110.78282812689994,296.9784925883846,0.2110116183757782,110.51367377492704,293.0596971326301,0.16080257296562195,scoop
0.5757894042660209,138.36515552802774,51.99461465679718,0.9687379598617554,145.83735484557394,45.1546858256893,0.9791618585586548,137.17801580169322,46.703383152586945,0.8943860530853271,155.38272486586516,42.44711167153682,0.8265174627304077,127.9228358881019,42.67283636308366,0.39932891726493835,170.82548030155644,59.53100330634804,0.9844456911087036,124.66769088567,69.84623563892647,0.8297049403190613,184.82941505046207,97.2665690262494,0.856718122959137,123.86715662618556,124.36392520652208,0.36559993028640747,155.23634736176132,106.74050475836728,0.46244025230407715,78.71029330598705,100.12353088141415,0.6210165023803711,161.19354485537755,147.45665969551771,0.7026304602622986,145.37387358075452,146.6170195939476,0.4567224979400635,133.56079220307942,186.13919506740942,0.16662243008613586,136.66152657237964,185.55186824575938,0.15215954184532166,81.79912047627371,177.26258749164032,0.053215980529785156,60.562305969950756,176.49984990576363,0.06901127099990845,scoop
0.4885313002502217,67.7745240207776,37.95505627583901,0.3603033423423767,72.87076957494833,37.089929692012326,0.428066611289978,68.70480845410538,39.29527520205724,0.5187845826148987,77.51072983797422,36.033726851763895,0.3257361054420471,66.90951989318611,39.91172879586424,0.19674226641654968,87.76736129582625,46.72601751780232,0.7834186553955078,57.43435514576241,44.40609527469145,0.7708135843276978,98.20056128594663,67.74730014429946,0.46743088960647583,50.9944574378344,65.44414327302331,0.48216554522514343,90.31124486069737,78.58333661862385,0.45130929350852966,62.76316067588006,74.6786080445761,0.33069995045661926,85.52383838460605,77.8729924895884,0.7778044939041138,67.4380766278575,76.77896403153119,0.7375837564468384,114.80185067143424,108.06900796259424,0.47383180260658264,77.18480032241763,102.3653171405718,0.43831005692481995,114.20137872955681,133.9229212660734,0.44649890065193176,46.41927874969602,131.66905859564994,0.31553226709365845,scoop
0.5734550199087929,86.55113487392086,74.50357132848599,0.13741829991340637,146.18632394516052,117.45425866271736,0.14631682634353638,88.144936171951,70.81275375900566,0.14208006858825684,75.01784150238632,72.7503052945267,0.18247392773628235,86.41173960169931,72.09842399864345,0.23598173260688782,72.42917012611717,100.05518694332139,0.7578063011169434,77.96111941801436,100.37015328611382,0.9277666807174683,105.64046778103722,120.96370296255624,0.524581789970398,103.91085138580681,124.98754360332563,0.9207664728164673,153.82819862217292,108.77204034115091,0.6424242258071899,126.41225139454647,125.67288884856822,0.8017392158508301,77.57266152229755,148.33705323215588,0.7907133102416992,79.39043750094996,150.74045500402787,0.8239794373512268,152.1525520295021,161.2489811641233,0.7323805689811707,86.86841675279669,168.03790140708597,0.5272523760795593,161.59406135054417,214.16592727839253,0.7821919918060303,68.04765040772435,208.7617866723918,0.6728621125221252,scoop
0.2403501412447761,142.9915253754256,46.475770408541315,0.05311983823776245,140.47922216036906,96.48813032454554,0.02262014150619507,138.575566510746,41.61625279526766,0.07040533423423767,148.1114250212792,97.76390164742675,0.027244985103607178,128.01169903825695,43.136664958315606,0.02602750062942505,152.74228344631567,93.4876764794732,0.04412272572517395,125.819901640777,57.61037744900596,0.1018199622631073,185.88227149577457,131.23002404832656,0.15913599729537964,101.19652655338035,133.36951704804537,0.12178725004196167,143.56983941816637,96.4670144166464,0.18557003140449524,121.14280374133634,91.10435753017084,0.20063289999961853,145.22902789282892,93.37356508010093,0.15775996446609497,122.15027567941391,97.0910602970346,0.558718740940094,127.04863195753285,134.07223771982157,0.26124829053878784,106.15378650709815,139.83817193294777,0.9137572050094604,69.54435949659533,192.52391176928808,0.40232333540916443,68.03445185204889,195.27489331909655,0.7796581983566284,scoop
0.7721063389497644,114.47304454758938,65.00774932742583,0.9975396394729614,120.43074077205435,59.003493015868195,0.9933143854141235,106.34105994079829,58.381375264564845,0.9937065839767456,130.42265302012405,59.63624887429323,0.9061880707740784,104.80015973636614,59.63875588739893,0.800945520401001,143.87568611115336,88.50937186512039,0.9970555901527405,93.13254746017753,83.94229755327396,0.98907470703125,155.48735147320343,119.88533109078612,0.9811545610427856,80.68835781705982,148.58730924732492,0.7865108251571655,132.52458980575148,133.33564787987143,0.8944070339202881,100.68794577038241,145.5847714197775,0.8701786994934082,144.9639880703581,143.8036343466911,0.8564894199371338,113.69935269485651,139.98061302570983,0.6763072609901428,159.98837957122447,162.62537143573687,0.39695337414741516,92.26119342017267,156.08877337860227,0.4345937967300415,165.4909838962184,215.77796787603359,0.3551596403121948,166.75743963931785,215.80628866351535,0.19622865319252014,scoop
0.019836762372185204,-22.42157783953596,130.57428204131963,0.0013527274131774902,-45.80035979645725,61.753005090854515,0.0016964375972747803,168.8411371253344,107.06608694351138,0.0006767213344573975,-50.78498635310607,74.49919852765154,0.001944810152053833,-17.489935730217958,136.37201034605272,0.0017342567443847656,-46.112168438239785,11.463440995272032,0.026636719703674316,-48.75402687124705,13.73105104795226,0.02554100751876831,60.35959859766386,201.18627882189324,0.01698663830757141,61.66018178026964,233.4937782139166,0.02806207537651062,190.8282387581317,102.3039376225453,0.010578244924545288,194.42309071581653,102.22428318127585,0.011294275522232056,66.65717098963401,199.51309025983403,0.02749571204185486,59.88636536357005,228.2505139302651,0.02102997899055481,216.03320526241794,201.69861789807274,0.0514826774597168,226.39900534069494,207.79483661577396,0.032092928886413574,216.76578744376218,227.7815644379256,0.051245808601379395,226.20891764006262,226.46942138671875,0.027373939752578735,scoop
0.776212199645884,94.88390317686802,59.448472256790346,0.9377415180206299,97.71099461655675,54.15958300638756,0.9540086984634399,94.030752812842,51.79024187971182,0.8978326320648193,107.6795110442759,50.34026209018574,0.9420541524887085,91.0368537160673,49.04239075656995,0.529838502407074,131.6747346276903,59.6453818829607,0.9917309284210205,88.61721647388742,67.74608448785567,0.9919621348381042,140.34422640670599,96.8548578047103,0.992591142654419,87.96884855871537,103.5128433880639,0.9038186073303223,128.09507614907588,129.64188690779275,0.9215174913406372,89.2597688311269,133.32192387562318,0.8399673700332642,123.12378048432942,123.85963707118647,0.9441841244697571,96.37810079967929,124.19763409210087,0.974374532699585,106.08237893664884,178.08196665248056,0.35672271251678467,100.2855768463491,178.7562329481548,0.6370412111282349,172.5198649246869,203.8103511825146,0.22047260403633118,93.97795859014013,216.27835522365942,0.15974903106689453,scoop
0.7286299467086792,162.0902451095878,74.79156612886065,0.9995403289794922,171.5636375813169,65.91360930802757,0.9996075630187988,152.08789513732674,65.34171197201027,0.9993197917938232,184.00969746511734,65.76736093958992,0.892358660697937,134.65441989527602,66.13895549848387,0.9828200340270996,193.96577233934218,106.93459121169748,0.9711679816246033,110.91858978865213,111.9851316459448,0.9933179616928101,187.4315610655551,183.8201144326058,0.9061877131462097,117.45467130312198,189.03888746922118,0.9925271272659302,164.39780149942243,230.8029293550128,0.6254773139953613,134.9516991047544,236.6397367841075,0.9274852871894836,176.12930475969725,222.5033889948626,0.908551812171936,124.29339338369408,224.45262508169688,0.8794732093811035,170.0270478363631,286.2219012664914,0.11322072148323059,115.79347009324843,265.86427799922484,0.10384082794189453,88.10864459679749,246.87877016772558,0.03383103013038635,101.82531928273954,259.5218465485926,0.05798172950744629,scoop
0.492368221282959,156.48194546829404,96.70605789362689,0.9841302633285522,136.08141353622023,170.99411070114908,0.9961948394775391,144.62755848925403,85.15774916118221,0.9927669763565063,187.33927804672302,89.97792937876186,0.8960251808166504,134.89197608561832,87.35705423911722,0.9320449829101562,207.2406694582928,130.94320037485562,0.7742897272109985,117.85146512873908,135.85926159810464,0.8241181373596191,169.37949926472825,227.73924356304718,0.5452576279640198,111.7912440912269,193.43858414586882,0.3713352084159851,162.9259577057241,231.53031048607735,0.49183782935142517,174.54895138276692,233.46449558836943,0.16581103205680847,166.09870524721853,239.15889754833415,0.10787954926490784,98.84401313989542,218.93263642426132,0.11951348185539246,85.32237783944097,224.25758569620928,0.046060919761657715,80.80442851619497,224.06835296274625,0.0575108528137207,196.10285183798945,250.67546562462002,0.028453588485717773,199.4621247169109,249.7515132918896,0.03702956438064575,scoop
0.4316459859118742,96.40980583220605,100.68078245170386,0.7948412299156189,103.53226123616855,90.27853049192912,0.7995564937591553,93.17629328033806,90.34517340159138,0.8465103507041931,102.9222955963491,87.44294281599588,0.31928950548171997,86.1381679193519,91.72693393573687,0.638542652130127,128.3303524269668,132.28552554831896,0.7532025575637817,69.84777487669474,131.9762500807469,0.9285184144973755,123.24709168667925,120.60830379738418,0.1478562355041504,56.593156510290015,173.99249837556238,0.270685076713562,117.20313283719906,124.50672253560464,0.6768009662628174,88.65193170332259,121.32409834212368,0.6795453429222107,116.03239779342474,187.809230938032,0.11313173174858093,90.52561006657345,133.5976775054338,0.2407478392124176,118.04593453611383,172.74939392327335,0.033224135637283325,81.157093567607,152.3267219038789,0.04435288906097412,85.47371593430813,224.72341812074418,0.027393490076065063,84.64355171886402,224.27643059756508,0.023782849311828613,scoop
0.7833105781499077,102.63012837807028,121.50300912819948,0.9770612716674805,106.57081455572106,115.65986069259941,0.9701007604598999,98.33546798052956,117.33297800739453,0.9506834149360657,118.27668661273407,112.41736207954615,0.91086745262146,94.27253040358252,114.86908730829737,0.2941983938217163,138.06880253298274,123.44064972280066,0.9688516855239868,97.7112974174292,136.69698692945192,0.9857122898101807,151.0485044249301,149.59430026636977,0.6974114179611206,98.29637995025993,159.58104708779183,0.9468878507614136,191.1625843567607,250.6238291699599,0.5276324152946472,103.0602302996565,187.2441154509667,0.9494963884353638,161.78607272730727,169.26693452471426,0.9928900003433228,129.3101448029396,173.5244394740242,0.9658708572387695,186.28440886619956,209.90225944073748,0.7847335338592529,96.03855415077061,209.42974758519273,0.7313089370727539,192.36187174162512,256.0850922699569,0.3089520335197449,77.65988598537817,254.48910011855546,0.35362112522125244,scoop
0.394276639994453,140.02849415582443,31.095948571824845,0.12207898497581482,142.2134518159503,23.70142881044618,0.11396336555480957,66.86006538598919,32.71065426243882,0.15972575545310974,92.61789284791465,30.704774374164035,0.056998252868652344,58.82327602995046,37.38766978223036,0.05816015601158142,93.81391176453826,39.787375602276875,0.8388922214508057,54.66040525918805,34.29433399601206,0.5328015685081482,120.54860155870017,80.95982473648013,0.40391215682029724,46.92818014538243,79.53221658788303,0.4829307198524475,122.49069510730789,93.64984415848431,0.37364596128463745,96.0929336250988,119.02949114254014,0.6606754064559937,88.07416982687866,130.77957212693033,0.30216771364212036,71.80661153236717,114.79695835929901,0.438215434551239,83.6431777894729,134.7804088073018,0.3479211926460266,83.1842563495562,136.27703774300068,0.6068835854530334,107.6247040863631,227.85370229283197,0.6653590202331543,34.04496486084935,222.72778225316148,0.5383713841438293,scoop
0.5334112451357,63.57176368802439,69.15695398234209,0.712692379951477,68.6905144717443,63.91298167900353,0.5480515360832214,64.68767396206987,64.90357692139622,0.7176726460456848,68.96681136194371,46.790848075183916,0.3329851031303406,58.67242776002402,65.33739705957791,0.34861743450164795,79.53004651496383,59.71704327178837,0.6642920970916748,49.39732533020732,66.30073577049642,0.7954893112182617,103.71924968081225,105.39500908165127,0.39076802134513855,50.467423613433255,94.11898067489209,0.6109434366226196,85.11394396830161,81.03736847755047,0.3521242141723633,52.62847781645185,71.55721196868541,0.42383599281311035,82.19521073515779,86.28585162329767,0.5122111439704895,61.022857191033864,88.732901250342,0.6709503531455994,104.74275225331348,117.02789722249666,0.5184204578399658,55.839716692379014,114.38072293648925,0.5695744752883911,103.24242736578915,146.3197225726532,0.5290934443473816,35.67587707757022,146.41989622598493,0.37026911973953247,scoop
0.8219964942511391,99.67684022183548,54.315521002743495,0.9992671012878418,106.16579167109984,47.66795978471927,0.999159574508667,94.03418158742704,48.80890011323565,0.997573971748352,119.5605445000912,49.15625279051785,0.946334719657898,87.57620488623238,49.10843251744134,0.572151780128479,131.89943068686165,75.53748045450055,0.9937642812728882,82.11957285840225,83.21602966071103,0.9909763336181641,136.09480802187198,113.13929279490668,0.9748102426528931,77.9332795495653,115.9663842345954,0.9158458709716797,123.21248332814022,142.58372978477627,0.8906264305114746,88.47987846641689,138.937722291464,0.8519477844238281,122.80038915255656,134.11331176757812,0.9674986600875854,94.04776309714708,132.73025097086273,0.9708911180496216,140.79176609618193,167.6488557214403,0.6415060758590698,79.9906957010351,168.70365365469968,0.6138151288032532,158.66572754856216,229.86725684733707,0.35849282145500183,40.070586445730484,226.43036007417317,0.289278507232666,scoop
0.8608854728586534,103.76051965854512,64.84132462438443,0.9412049055099487,107.91019187363207,58.32488954299155,0.9493480920791626,98.05267868338856,59.843311235598556,0.9356837272644043,115.46844007440114,52.54301375452183,0.8946948051452637,94.36842922106791,53.6633947943899,0.6938617825508118,130.11775035338644,64.71095103698019,0.9872611165046692,88.02948888637678,74.79580534107491,0.9780352711677551,134.4213166589403,106.2752155942212,0.9840437173843384,87.56501906576787,105.78065271043593,0.8835858702659607,127.10766031584387,128.15500994136826,0.8170363903045654,90.56096652138558,133.2366230886734,0.8700635433197021,124.21218931443033,120.8589605784138,0.9509010314941406,100.33516494216622,123.19782123491458,0.9859163761138916,120.7842162610956,163.5849295887038,0.6566234827041626,98.55971874430023,167.20226005821377,0.8541049957275391,113.29233488684037,219.10959681648225,0.6159770488739014,83.20290532093568,226.17819819468934,0.6367108821868896,scoop
0.7551590852877673,162.04359596341502,66.12943508281782,0.9996440410614014,172.37017442280217,56.02338917060585,0.9993069767951965,152.50538629316637,54.097963028844696,0.9994809627532959,185.2130815676678,56.145306598351624,0.8444089889526367,135.38365345520734,55.03705985815145,0.9768476486206055,190.1723008211485,96.97760793485531,0.9600836038589478,116.25673761627556,104.45608591755077,0.9942421913146973,186.79322120280582,165.58047639720635,0.9426509141921997,120.62900409624271,173.93598148331105,0.9886178970336914,165.39574411592596,222.12091586933064,0.7706160545349121,133.34924126413546,219.47051764462245,0.991296648979187,180.07577977755656,219.3564685866063,0.957788348197937,136.99108079249757,219.7445346223705,0.9168803095817566,167.80429350262952,304.0849618874635,0.2300437092781067,145.36975905125243,304.6491689719115,0.1889362931251526,169.21080355514349,312.11869651705376,0.03676241636276245,146.184614010822,313.33816468947595,0.040097445249557495,scoop
0.6833614969954771,147.39733150497023,120.25080283792103,0.9657608270645142,150.4783660057454,114.27319300313869,0.9503569602966309,142.00546324021158,116.37006232710665,0.9563567042350769,159.08302277442547,109.08055880654183,0.8021211624145508,137.61476153065723,114.7439860184369,0.30154186487197876,174.86007037329767,122.10175332392237,0.9890981912612915,143.22003316322653,131.21410028479906,0.9510422945022583,184.4586086644273,153.81687624445223,0.9732042551040649,149.50028356411116,151.932777968826,0.838410496711731,166.55135692789398,172.31820548090954,0.86506587266922,146.732576719054,170.4551073363783,0.6673758625984192,189.05154573314385,170.56780269637648,0.8856016993522644,166.3823584174368,170.65167853804414,0.9469857215881348,149.4932657085968,207.16237465231336,0.20005610585212708,146.19718915293655,200.9057605312956,0.1808077096939087,138.27253408469116,223.56784093240822,0.08510488271713257,145.38144360256567,210.41132114276812,0.05825483798980713,scoop
0.7693671882152557,107.16784881710544,69.47907622222307,0.9989795088768005,117.33084355810738,59.50936640283013,0.9981034994125366,101.28658309520915,61.19941384875821,0.9980816841125488,128.74119977542864,57.2883442682051,0.938499391078949,86.94850758355881,54.95999258315981,0.9358261823654175,145.52554119421816,81.5224821929338,0.9936221837997437,78.78669709083172,88.6805523230408,0.9912540912628174,153.9744692553806,137.89013814369528,0.9877023696899414,87.19448876288152,145.7714748753648,0.9686887860298157,133.09417605863936,178.25917641012586,0.9885560274124146,102.214222473857,178.19289864269214,0.9321655035018921,134.68842265207016,169.49627946786845,0.9553831815719604,98.13308122093113,178.9715421802803,0.8284467458724976,137.93378896750366,225.2291312013619,0.3255258798599243,134.57464077129438,226.99656208201606,0.08570235967636108,133.53097522305146,257.85751045909836,0.07613614201545715,135.6098635187409,257.33562424952885,0.07656866312026978,scoop
0.11612042959998636,94.00156815228297,118.99251381246961,0.17661985754966736,97.47733921392418,113.28249979575784,0.1011747419834137,94.38331989926587,112.50850514215254,0.050352513790130615,114.76396493874637,110.48212608010853,0.1367073655128479,107.3020252272313,112.84791820244104,0.01771712303161621,125.375015911889,134.35910592283258,0.09402152895927429,115.69457889067061,133.49681809718507,0.11110156774520874,168.15885551244833,153.4788079762737,0.2723425030708313,93.7336428156159,161.16409004894214,0.09049215912818909,106.81934282473554,150.68165819932514,0.14534541964530945,99.62629028795294,151.22937154213278,0.20770949125289917,125.18576536660993,221.40249408172727,0.11142444610595703,130.92330754499028,221.59988462693033,0.08935236930847168,116.31111709060374,256.25177524433064,0.0492171049118042,114.73364922786965,255.2467791486807,0.07356196641921997,117.63945108257843,266.0551316079463,0.10250374674797058,116.30397455237721,266.8614012721912,0.1444033980369568,scoop
0.7416366180952858,118.71266643360897,98.78331640814993,0.9076199531555176,115.60653508405278,94.08346391373571,0.7339392304420471,114.95494323017996,92.71088537075177,0.769716739654541,125.29858540932028,96.34433553376552,0.4798627197742462,108.85851077068642,96.46143931823019,0.4671345353126526,126.2866780915613,118.71869276469785,0.8797267079353333,103.66355213209815,120.13654894402056,0.9761475920677185,135.8464044355697,142.51494945719085,0.6994687914848328,92.34163158134729,140.3051621255244,0.6986823678016663,129.63280585025535,152.61475678083963,0.49310338497161865,101.83711070494894,148.03925748001276,0.5745649933815002,122.79105576095878,156.32109289503285,0.7965127229690552,100.25583111358526,147.03887464471364,0.8755829334259033,120.23983372788487,166.31859805333477,0.6759955883026123,100.67424848385824,157.4622959478356,0.877468466758728,101.96229214798151,192.42535899121475,0.7785482406616211,96.46699957346638,191.75900114185617,0.9237475395202637,scoop
0.8852766296442818,134.61949092404853,78.51137688187774,0.9962279796600342,139.72104439939508,71.04453446800143,0.9951375722885132,128.8545007371717,71.65490532663546,0.9972193241119385,152.42042393072109,69.4613312005069,0.9663130044937134,126.09379393581287,71.01818188619058,0.5022616982460022,167.91565297642572,90.4892264637038,0.9953721165657043,117.47743480400354,95.44041258815662,0.9949754476547241,176.04628388519882,124.23171700206713,0.9497868418693542,114.02981531759181,128.573249193481,0.9456943273544312,161.99707149995442,147.48747413724314,0.9060732126235962,120.97061691581044,139.08051962054657,0.8677787184715271,160.7370992578885,136.86572716857674,0.9701712131500244,125.79346890579401,138.91264325449905,0.9565587639808655,155.3549384328642,160.88360738197653,0.7463555335998535,117.22470294640686,166.02513057248603,0.8308379650115967,155.37734569742523,213.59838938434766,0.8026782274246216,65.46727933772344,212.53190689977507,0.6262607574462891,scoop
0.2729839001070051,126.83487235340164,177.86945387547118,0.5279510021209717,143.6785805550067,163.60674906333597,0.7554038763046265,125.47946440106702,162.22259283993495,0.24642163515090942,185.1385391175979,157.1154108307241,0.8984053134918213,136.57440898019516,155.7849750444583,0.05919361114501953,186.83258531622388,198.7073371382539,0.26065874099731445,128.11897960618313,171.59912465611322,0.16479888558387756,155.0846263128496,213.4740629084843,0.11008790135383606,127.18492797376581,207.52286799686894,0.12808603048324585,160.42551716014106,200.21715572372023,0.22970986366271973,154.20105336705072,199.92347450107917,0.2903600335121155,156.71059575062318,280.3504498552256,0.4364745616912842,150.20256784639471,278.6449328470787,0.36718833446502686,134.28626746982917,284.21721699636737,0.053636759519577026,133.01286511847945,284.90562587396647,0.06035354733467102,244.50658657207566,301.09439360028574,0.029267817735671997,246.0914997739087,300.47297496276144,0.022728387266397476,scoop
0.01695218331673566,38.97041291114422,-8.178613714670858,0.007101297378540039,78.13392965710116,-2.668545682142681,0.003587692975997925,120.72782405155644,19.12927145160126,0.00424996018409729,45.21034626645337,-8.917816325384356,0.003409147262573242,21.092216699503737,-6.772014046457492,0.006889224052429199,-45.062882427111674,11.409561365031083,0.02922844886779785,-41.052908841737974,14.364503793679324,0.052462875843048096,86.6792196429657,32.43514777157557,0.013354718685150146,85.90339927821773,32.47502842765838,0.021964699029922485,16.058094306678626,0.2670086891270797,0.014105468988418579,28.339145526811777,7.770251114544702,0.015264362096786499,200.38557831879257,199.94882071528454,0.020561426877975464,189.02901378587063,201.2971217530247,0.023887455463409424,76.42239225513741,185.12800045978236,0.018520236015319824,75.97891365971547,185.88794159054294,0.020520150661468506,175.6292024011278,261.2184398369103,0.016308337450027466,155.52229825624698,260.7211873689051,0.01677161455154419,scoop
0.9160794089822208,101.24492125752371,32.07715253421769,0.940381646156311,104.03943488570039,27.699540282965636,0.861141562461853,97.1485598078034,29.171978546023833,0.926800012588501,107.81643047406982,26.914228446752645,0.669280469417572,92.00823891487568,29.277880924684993,0.7492055296897888,128.47069172543775,42.391244910570435,0.9873380661010742,82.01748443484772,49.00395285758527,0.9912549257278442,152.10020310220088,73.15044774155673,0.9839416742324829,82.62520578584784,86.92293575301709,0.960418701171875,139.5302264143057,100.42430120683366,0.9404255151748657,102.4095824720331,115.32518557537391,0.9527361392974854,126.19658592610045,108.09143303897132,0.9809329509735107,89.9744946669048,107.6081005051906,0.9794448018074036,152.73663710063533,156.97403844692366,0.9603543281555176,112.3507310444279,152.26206501170356,0.860558271408081,167.07999381573748,191.50181633025292,0.9333594441413879,102.80044496291345,186.41192959440357,0.8957759141921997,scoop
0.7121379200149985,70.72688596257905,28.370455730749942,0.7466872930526733,74.24461275687014,22.45222158469115,0.6054223775863647,68.28764681686224,21.415128596561892,0.46532005071640015,82.41193600665736,26.269102282097368,0.6388393640518188,66.94038777035962,26.0953101666521,0.19174712896347046,104.89737662823748,47.039612350760734,0.8566093444824219,70.22669454492949,50.92702338667696,0.8363491296768188,131.2067291616002,69.94937495962655,0.926803469657898,64.40831343951393,76.87911096713887,0.7153472304344177,113.50303085861503,86.64239965060342,0.9342791438102722,111.71584667398773,87.4604607370577,0.4138600826263428,119.0952464300371,82.33612594901356,0.7282769680023193,83.64335590763315,93.89377697896401,0.810983419418335,118.14664254392633,115.42486049785688,0.8803293704986572,84.10902802582382,111.34671163002342,0.860996663570404,87.53352777503343,144.20147906945374,0.7340222597122192,81.11973328349191,143.30013883716867,0.7604713439941406,scoop
0.8927529208800372,104.21187107665065,65.79204366364831,0.9909818768501282,110.98378103530825,59.830344233531434,0.9912920594215393,100.35019811489241,60.048828421863604,0.9775238633155823,118.16908543211943,56.2942178332852,0.9555196762084961,93.82090290232856,53.522859565942674,0.545120358467102,134.39552514933428,74.32518153802894,0.9970802068710327,88.41718977991246,72.87823866313533,0.9949097633361816,153.07912269918836,100.40396901883969,0.9893532991409302,84.2303353988707,112.14980188510762,0.9717946648597717,141.13359265754195,115.05236198929961,0.9172881245613098,95.25288385176009,117.53373498582656,0.8470413088798523,129.2251111932302,121.53739483903819,0.9739153385162354,93.22195387072136,129.30560872712488,0.9620011448860168,153.4462420393057,136.11014102683458,0.8839786052703857,59.52458066235258,140.17147554033926,0.860859751701355,173.87167489018424,190.6843964691756,0.522364616394043,53.98710080157923,187.41615978196438,0.7957749962806702,scoop
0.021956501638188082,112.67357020990394,-1.7044641628339599,0.004856735467910767,85.18015939437927,-1.7022190390857743,0.005224436521530151,141.6486213179414,55.51270214036281,0.005834758281707764,-50.18385579150011,142.02196291912392,0.003669917583465576,82.02137631664945,0.04651533142601934,0.004366099834442139,-44.87316098194642,3.426265345473234,0.021387070417404175,-41.62668532434604,6.542942403355462,0.022958308458328247,61.47330020652208,231.58226755342596,0.026448816061019897,68.82562600221152,244.7520393341896,0.031108945608139038,104.23869567158621,192.31421325921085,0.008098334074020386,83.18582378936651,19.654795724594177,0.008152574300765991,72.50926986278728,201.72143483440237,0.03969848155975342,58.125400172133396,215.20148845034353,0.0345151424407959,58.053395905847225,223.3600482866458,0.056855201721191406,67.10216358941817,222.2861738984223,0.05111625790596008,137.15831593316818,157.31805586165493,0.027163535356521606,137.4033530862415,157.96177489284412,0.021805912256240845,scoop
0.8649370459949269,108.5371143623085,41.20038251468644,0.7556501626968384,108.87739129567424,40.427011274642055,0.6525906324386597,105.5050979792376,36.7272276822695,0.6692461371421814,115.14164668576728,40.617575441353054,0.7338932752609253,103.5459941463248,37.53317450734892,0.4526793360710144,128.2360210492917,54.95993024180372,0.993863046169281,102.06581442272616,56.577292119482614,0.9761255979537964,142.9975635810585,77.0648882082928,0.9802112579345703,95.1286375290689,80.15802583805782,0.9681767225265503,129.2808621773924,92.1630206275079,0.8880519866943359,108.2057611487719,96.99641721257905,0.9165060520172119,134.04172904760458,93.88364205564507,0.9935631155967712,115.81477302521583,99.00606207346638,0.9831435084342957,158.66057993373056,117.66516837628436,0.9681228995323181,106.07575294108707,125.66908602584661,0.9529377222061157,168.68938045279063,146.76130420966837,0.9078985452651978,117.79740626709935,159.40820122507296,0.9112697839736938,scoop
0.5905807474080254,84.66322486966502,61.15558342247158,0.8320682048797607,87.83644442428411,53.04526243692243,0.8814436793327332,80.49020136376765,55.73047385605393,0.853583812713623,98.28053633990456,48.33327118988631,0.4841158986091614,70.01330898893484,55.86056245440175,0.17891967296600342,107.63816981927894,53.12678711887464,0.9371996521949768,78.35085085857705,60.40752277300052,0.6218162775039673,128.90540690737475,73.30518789328491,0.7912765145301819,85.10406731631505,86.78896417877554,0.5546708106994629,120.8106846197106,95.60079017965711,0.8517184257507324,83.48923026355789,79.25744260795386,0.3843004107475281,122.62129134241246,100.79931118145063,0.48070645332336426,105.65630248548456,101.15877144067669,0.6544068455696106,90.37413838308609,122.12210332373238,0.40130293369293213,79.92068635814385,128.49965076966046,0.5878641605377197,87.4556456094586,156.73471888679475,0.2602181136608124,84.87584451757053,154.12555501618738,0.2842608392238617,scoop
0.028837079510969275,90.41188162124575,73.53988083420097,0.0038362741470336914,91.2217225546039,71.35702942132022,0.004139721393585205,91.56768145728205,71.53695102795552,0.003385215997695923,-49.29660540146587,76.07435530725621,0.0022523701190948486,86.86663557119408,73.37339824275749,0.0032174885272979736,-47.74141705917477,9.226829068670014,0.018468350172042847,-43.495418682172605,13.473921898274106,0.03810244798660278,60.953551414875676,195.35778951088278,0.024482548236846924,72.12979802825572,196.34876770732006,0.04103368520736694,84.23749574891326,175.03498834394762,0.01726427674293518,83.49199109504195,177.1719609716987,0.01596379280090332,50.186896416927596,177.83315339440966,0.04768761992454529,53.730797674869294,182.49432753032283,0.043521612882614136,75.06539014526842,184.73758326430266,0.05471351742744446,70.00769826688656,185.33456409023896,0.06098657846450806,64.58531836127493,185.24137266878952,0.06092548370361328,77.46854255171603,187.6001558415157,0.0502493679523468,scoop
0.19813236594200134,175.67782865887952,153.90885646241185,0.0567687451839447,159.52138937864788,203.97908251573142,0.04086655378341675,201.94705117073505,157.36620120037392,0.02025201916694641,190.57301324629137,150.72315973066634,0.17097368836402893,193.46212542938352,148.59574314221334,0.04044848680496216,186.9893827327031,169.84029688259972,0.7015477418899536,195.94313328368193,171.87520780452033,0.5091317892074585,155.60738530140443,197.77426515571804,0.4127911329269409,168.46021362779672,200.09845778172118,0.23433011770248413,147.2386816596243,205.00566653240517,0.45089468359947205,154.40715389029063,204.751901589479,0.30365246534347534,170.00401715824114,283.47523017616123,0.08628499507904053,192.1623259666829,283.84728338931785,0.04546740651130676,156.76223220528334,284.11223415270854,0.10255387425422668,156.42952529372874,281.9661774987841,0.10521891713142395,142.96635727938047,250.37307442394214,0.05184164643287659,141.44729436139653,286.05010630091806,0.03522595763206482,scoop
0.869614930713878,155.60378731456714,43.65237937363206,0.877536416053772,99.75574656683185,73.72398376464844,0.8764000535011292,142.64426621017753,39.80041830456211,0.8721153140068054,102.35085691459449,74.2010465391879,0.7221437692642212,86.5175328829873,81.27516512740911,0.6442695260047913,102.17020947645611,88.15577169336699,0.9343603849411011,126.91358276842169,56.75651461233889,0.9776973724365234,156.024163984603,77.79555561941422,0.9227463603019714,120.35149600255352,76.25468213270611,0.9219406843185425,99.21421392418532,112.15010468598007,0.8140617609024048,120.11251486692913,81.54370497172908,0.8562760949134827,98.9356193097185,115.79743915958628,0.9501887559890747,69.12983400812409,110.18617385092413,0.9607898592948914,119.79261465109741,129.65367833000212,0.9313781261444092,63.06652262053137,137.68747530094845,0.9218398332595825,113.01988534890262,165.0334220915917,0.8411320447921753,112.3368200161114,163.78962297847764,0.7585774660110474,scoop
0.07984459575484781,155.86318079135762,97.34247408024532,0.04455724358558655,155.80345777222155,93.24095610978539,0.0683445930480957,155.33821313761553,82.83810745417377,0.07644045352935791,160.502784818063,94.18636277491944,0.06999215483665466,150.03169909525477,79.87970730673942,0.04794341325759888,162.05349933312561,72.835289921742,0.12000507116317749,135.80005809026935,67.77567882018332,0.09692814946174622,162.40900536919384,82.61768623084875,0.0708400309085846,124.47035377591502,89.8507975418744,0.0998029112815857,155.2635816284655,99.3309139741534,0.07391193509101868,122.83433847390262,96.3391077657618,0.05011191964149475,154.4193371724526,107.17661816786236,0.14264515042304993,135.1885784460877,103.27436988919627,0.09699702262878418,85.57688197273225,78.91407532450755,0.021722495555877686,122.32643453991369,117.54216888071498,0.02459654211997986,112.74748924641295,163.62277969775963,0.12451127171516418,110.79189434125732,162.49641388770672,0.12800776958465576,scoop
0.03652932538705714,129.43397254795417,57.423353380730184,0.0036879777908325195,143.46754615872752,64.28891786805387,0.00511053204536438,139.74172391780158,65.93509926406327,0.002773106098175049,143.599442656402,64.60702354342094,0.005775749683380127,134.46310317933793,67.49113060620972,0.004822194576263428,-46.91075926160998,1.1501312255859375,0.03564250469207764,-54.478816763436285,3.102447643354245,0.014511287212371826,151.56966035004257,92.02749051936406,0.03664466738700867,100.33564586119894,274.05199577836214,0.03647109866142273,165.5390045522252,94.07312415453247,0.04248380661010742,174.75939798911722,100.4510456485971,0.05400976538658142,158.86443616815114,115.83462132554111,0.03734293580055237,153.5357642266537,114.75201024155673,0.06293168663978577,83.95069879316634,260.13186562386005,0.04448613524436951,88.84388073872964,260.8271854860773,0.032166361808776855,169.16798394941637,187.77667093833597,0.12269198894500732,166.34019784890262,187.2827849035597,0.07944673299789429,scoop
0.27069589495658875,62.75444179193519,95.54892217138863,0.393112450838089,64.54692499183032,87.95187092940631,0.5753796100616455,62.44970833744985,90.73382722728448,0.563445508480072,72.46570216078703,88.52873330914093,0.16147205233573914,59.19210530440631,95.38923924071317,0.19528526067733765,79.22703190072502,100.32539219243982,0.27309101819992065,59.33026265541403,106.86640757994894,0.4874725639820099,120.00448620272982,163.8032312059217,0.23153594136238098,56.993851123616864,121.01190173672332,0.37673282623291016,94.5005839900748,137.75934597861442,0.35835230350494385,62.02437998255867,120.31573581324479,0.4129455089569092,83.80360881642144,138.53694752496506,0.17268937826156616,63.31574555037088,139.0750959225666,0.23064938187599182,81.98785447888801,149.8046043781919,0.03293225169181824,58.93277416897192,157.6093146773164,0.07143327593803406,67.05155131417955,162.54965340580924,0.02573642134666443,56.462497933829354,164.35226262311528,0.03956446051597595,scoop
0.8159143170889687,100.09415325951485,46.095822107931056,0.999334990978241,105.7145115002584,39.489361655387434,0.9978228807449341,92.56591796875,40.0910804243867,0.9959268569946289,116.09530912762952,41.059210513816275,0.9526926279067993,86.59827384503436,42.45553220756323,0.7288670539855957,132.4951646856761,69.4269499426222,0.9974231719970703,80.65777492894273,77.5103082916616,0.9945783019065857,145.59580880844177,105.90218273118313,0.926999032497406,79.15339785327245,116.49291042223979,0.8737283945083618,127.63631501550341,124.75596327726016,0.9625732898712158,98.28612034422878,134.2466153987187,0.8261147737503052,125.31548882272921,135.12957383686467,0.9041721224784851,95.35272798649532,139.12965351505503,0.9201745986938477,138.85854283195528,171.90625379985408,0.7543261051177979,95.32308912462761,178.1338702843811,0.4319118857383728,155.0352697706408,245.72566882181727,0.3664267063140869,156.65511194370137,244.10468669253103,0.2374705970287323,scoop
0.0238915155915653,126.83921843651206,27.573089748041177,0.008155614137649536,139.9960588388406,16.38361897450013,0.009006261825561523,137.92612988661236,17.55860547611222,0.010751515626907349,140.0042522742127,22.516050227421267,0.009876787662506104,102.91458308000975,28.014388622476897,0.00729408860206604,154.49681857216683,41.67980980780338,0.036047667264938354,-54.5269284266906,35.154373079886234,0.03898531198501587,195.11388637676313,148.98003307298,0.03530168533325195,64.07413705313716,244.8481518934673,0.02620077133178711,160.161670729344,82.4534790989026,0.021311461925506592,153.3531218651204,84.9285110889242,0.01692792773246765,135.2560674170112,214.96733431686224,0.049939900636672974,73.97911873309066,216.25666043173945,0.03825977444648743,196.8591237346486,242.1952243908834,0.031352847814559937,75.00354752002524,242.08300994991794,0.026037871837615967,197.04009178547545,223.70518784578672,0.025795578956604004,124.80293600475744,179.40901819370137,0.014910697937011719,scoop
0.39267536822487326,84.89877723070435,85.9823917136582,0.3297461271286011,90.2596529355773,79.37655022172149,0.2988239824771881,85.64612540753436,78.00590426077639,0.12609395384788513,97.62556024098674,81.11780663872507,0.4559217691421509,109.50864205564508,75.6869215909609,0.14343148469924927,66.54007611107734,101.71315530858615,0.3829249143600464,123.45256879635824,99.14885940254895,0.56802898645401,62.013559304322726,151.58010401150597,0.5608022212982178,126.39515205116123,140.28648643642086,0.4323263168334961,67.45797242635884,166.03241560524077,0.3264145851135254,102.12008702615822,149.59435370181785,0.34920650720596313,109.16013606327519,172.6230903358311,0.8359198570251465,119.68105924732492,169.81074707981216,0.8015695810317993,96.95311075054718,188.7217658966896,0.1264866590499878,102.13059599761371,187.7934318572167,0.09530508518218994,83.41626415920629,255.8547498651052,0.4917760491371155,79.71477285897222,256.1851768642084,0.3507031798362732,scoop
0.032146744868334604,70.49876112882266,69.5111018674383,0.015768229961395264,72.07974682522192,70.93419917362674,0.010938853025436401,68.29108449735531,72.66537855571346,0.02394270896911621,69.26354731103326,79.86488787580558,0.012353956699371338,61.998374731160325,70.38216201247873,0.014200925827026367,78.11207455883695,68.44560348570116,0.04363441467285156,66.09098679360713,67.1059812553198,0.02360391616821289,86.13912085150932,73.9581245392677,0.022471129894256592,73.77629558399958,72.01699282872538,0.031225353479385376,38.90996851345909,141.21410800325268,0.027581840753555298,63.6810302734375,68.59813051928806,0.05303296446800232,81.79004535600833,69.4197539689476,0.021998286247253418,66.97829131486351,94.64347631550949,0.017904609441757202,40.80098667961151,132.81170440555084,0.021818459033966064,42.264779532465965,132.25384723351624,0.021752506494522095,33.34808646472976,168.6840072216227,0.0853089988231659,32.90748447759607,168.90282538150535,0.09895750880241394,scoop
0.04089283066637376,58.61803937978782,98.70216577433428,0.030749082565307617,63.98497110210968,92.19478800139075,0.03379088640213013,57.43085512391325,87.0317214193975,0.020910799503326416,76.34646048341745,97.02247589942547,0.032352447509765625,69.86372535794627,93.15308151541981,0.018103569746017456,73.9234657139166,102.37308309235927,0.022770822048187256,67.6253144379256,103.7135736487719,0.0394977331161499,48.64661962605636,107.10716989717595,0.01729753613471985,38.52737961112294,106.88567105898134,0.024653762578964233,17.42048449089556,161.13202878009486,0.08851853013038635,19.2089110496907,159.33086231988693,0.12187772989273071,68.59302149672453,97.40823530501429,0.013003021478652954,63.40980975080558,97.12125132519913,0.015715569257736206,57.02402433996535,111.02315999190631,0.018712908029556274,41.989952117088706,120.32071421582413,0.0468582808971405,18.74510471922879,164.52373697600012,0.07202643156051636,19.835045365507966,163.96261133572472,0.07833901047706604,scoop
0.2937367435763864,77.63229548235348,27.225296228312335,0.24686911702156067,81.52691139785233,20.40670372632691,0.4581781029701233,74.00143693857157,24.80002822579113,0.5292183756828308,88.20144415829432,21.888259412713552,0.1792728304862976,69.20195405121444,17.025100396301035,0.06332024931907654,99.51541173318947,40.435387281128406,0.7001022100448608,65.7262453309293,50.02521559422119,0.24776145815849304,118.49144367856275,83.83961243388255,0.6487205028533936,63.17512126284352,91.05008492673882,0.4111723005771637,111.2776581879256,119.59045647647132,0.2891841530799866,62.46437636794748,96.75932412945343,0.10491254925727844,90.00742871473736,114.08062055417072,0.4374210238456726,71.14598908776904,116.90951989318611,0.2492542266845703,120.3198265936588,126.02282869212823,0.05345228314399719,81.22221356699905,145.44841306218842,0.043062955141067505,80.76519799139714,175.1293197216227,0.15581989288330078,77.98159410053654,175.49260952129438,0.17580240964889526,scoop
0.44620614893296184,94.92941236681511,74.82897984842383,0.47255611419677734,96.23948924736291,72.7667188829949,0.2698898911476135,89.8005444715923,71.92434021471075,0.5042622685432434,98.92926049139714,71.43999686037057,0.14434599876403809,84.80259342416252,71.6670707969814,0.4908592104911804,93.41805305926255,79.67207496732127,0.3855496644973755,71.92492652032163,83.66484289503283,0.6689465045928955,89.5606193097185,98.48228781139805,0.24531039595603943,53.87306064947107,96.70956682138406,0.6866587996482849,76.20945199454341,99.84256729541586,0.5458634495735168,69.67132212123055,98.68171780953612,0.4863564670085907,75.93945158130929,115.74249861305327,0.34718644618988037,56.32311156751581,115.34468951392267,0.7224439382553101,73.53917578314993,119.32919275899806,0.2368689775466919,67.85220135046815,140.46627890738998,0.4035026431083679,68.79921998495259,184.37678711887466,0.19252938032150269,68.98386617578886,185.1167790156858,0.782374382019043,scoop
0.02112625101033379,131.78406355445952,83.72600867126702,0.01309993863105774,131.62263506581348,83.38079786486199,0.011174112558364868,128.53755728280035,83.14298340318732,0.013899892568588257,132.01722022624332,83.58460066383451,0.008646339178085327,128.13759295393058,85.83765289662877,0.009675323963165283,-43.89105251327099,9.403968692289716,0.026918411254882812,-43.93337116167239,12.47736192398962,0.06052485108375549,81.73961119892996,2.0930633006856603,0.03443586826324463,82.6763167919352,18.133190169872478,0.04041421413421631,101.94410628381871,35.7909451198949,0.009176969528198242,126.45512443572167,99.74529696809643,0.010489195585250854,51.922283840550534,179.51441070912878,0.02590838074684143,134.64107884507237,118.73613053258755,0.018488705158233643,61.31606640055023,-1.962196687780002,0.02687603235244751,60.69029277400749,-1.4372322345985977,0.029495149850845337,66.78104326418867,208.85357096037512,0.012154936790466309,136.48130661782588,135.40286943606367,0.0077679455280303955,scoop
0.6813244626802557,106.34139836530278,106.00982844133786,0.9937093257904053,112.64117051655217,99.85105462575238,0.9868062138557434,102.71412890245014,100.94422811664033,0.9902759194374084,120.56427595680327,97.96261917292377,0.8663724064826965,98.25920669021309,103.40169765606001,0.5966458320617676,131.9304766821954,120.28555369098828,0.9619682431221008,92.92259067876793,125.37374830431513,0.9810793399810791,176.36361919952276,188.0283518987871,0.824239194393158,87.15168696897041,158.6650032013771,0.8555856943130493,139.33508015792194,152.79440675728054,0.7304465174674988,54.4261264429946,195.55126145656007,0.5705896615982056,127.09155843415613,158.1854022430539,0.7364810705184937,98.04003229400993,160.1430098834205,0.8156059384346008,129.82052457935617,210.79489860089373,0.21144935488700867,89.67700171563413,170.6782359557393,0.3244307041168213,119.727245286281,271.1856470961515,0.06875333189964294,98.38086139367249,268.84225333247207,0.06807711720466614,scoop
0.019734515863306382,113.75567365713158,88.37928326677256,0.002523064613342285,-52.15012289670655,59.5722777370349,0.0018386542797088623,103.28934368920235,82.43539119972793,0.0039013922214508057,-55.26581404274076,169.2284431902815,0.002802044153213501,97.77202680417074,87.95262793158743,0.00438573956489563,-47.398877886018866,-1.2141802895393818,0.036507993936538696,-48.38144347825403,-3.8017289647796275,0.013402462005615234,109.73401496382539,140.48885538420325,0.03607684373855591,116.09979770526812,139.5929477558062,0.04799184203147888,112.4812738440844,111.83539661452001,0.017562001943588257,106.79665057111808,112.7187736303426,0.01828649640083313,66.48642692120623,211.56850139454647,0.028488516807556152,69.65504212138255,214.458539792072,0.02383023500442505,71.51254735568155,260.9101707369437,0.030041247606277466,74.4392157528651,262.4013403510305,0.033376097679138184,166.83207114846792,129.7972326612658,0.02085396647453308,160.0991334432758,133.47979890697198,0.013618171215057373,scoop
0.7849500635090996,103.33004368882237,126.54934597386462,0.9877697229385376,107.04726282260762,118.54941817109224,0.9864215850830078,98.6304939952806,120.48317578979967,0.9739995002746582,118.79883999954401,116.28518011783348,0.9264405965805054,97.69899835846306,117.82194798094754,0.38743168115615845,136.9639712085056,131.0997751436345,0.9925334453582764,101.43646952707016,139.38022123700452,0.9820399284362793,143.371576093978,164.22262822607613,0.8619616627693176,111.53719415924431,171.55315235894943,0.9544261693954468,129.24452607269882,194.18776693974954,0.8521977066993713,114.26537658453915,189.88325660794627,0.9311169385910034,162.03825241860713,178.68398822235227,0.9821701645851135,127.94454849183793,181.95149462510642,0.9418303966522217,169.42126797330985,233.03035038454524,0.49840468168258667,108.16604079903334,231.01002733995017,0.8098695278167725,168.94722430158683,295.1934636334965,0.1385398805141449,99.88545221113509,282.8716055428472,0.13699749112129211,scoop
0.24357661254265728,136.1873938415765,36.85179239117218,0.06909558176994324,138.9550650630016,33.98289439279282,0.02369973063468933,132.7813649455861,31.74489091806375,0.025213897228240967,147.44914607779063,37.639684714231976,0.01498517394065857,125.48425577957806,34.374600718457415,0.00884711742401123,149.19632492362294,64.04500731234421,0.04316112399101257,119.81475473841806,58.74941636616154,0.05014440417289734,165.43297081142086,121.98465844536571,0.08163037896156311,93.32875351961485,135.86185321733646,0.4751330018043518,147.5125383310281,93.89304669450694,0.043141692876815796,109.18897339342169,118.35345257117127,0.14135944843292236,148.69415639439447,102.75079155710421,0.13452929258346558,116.02541556154245,105.70119419914276,0.33273845911026,166.6112402533743,136.83323841614484,0.6532801389694214,93.50629279585664,139.51234038237934,0.7668774127960205,154.01018194651326,197.11914656227202,0.6566060185432434,46.69743697467018,198.0077424401903,0.6203595399856567,scoop
0.7923884426846224,103.77635436299246,78.74741016194979,0.9738004207611084,108.84290761984741,71.97399955779198,0.9270913600921631,97.03213287234772,73.76392230913333,0.9658502340316772,114.14733767973311,68.49767187689993,0.36346012353897095,85.40013532230364,66.58614340459327,0.9394445419311523,112.64191861282526,80.85233933266963,0.9099458456039429,70.44305467420052,80.71821635799186,0.995636522769928,114.3517282686345,123.4256877973386,0.7147289514541626,71.99734936428442,118.42903701247873,0.981468141078949,118.62123838194614,130.01496430037088,0.8162721991539001,102.4894862787269,120.2572952448626,0.8735191226005554,102.66288430774259,130.9763481644805,0.9744813442230225,73.2328303593142,139.52837992271097,0.9811486005783081,129.2949691356852,155.27609146058793,0.4929924011230469,61.924277576491065,154.8054320339099,0.5521824955940247,47.22615401568581,199.32232571019273,0.38863158226013184,46.870683603249645,200.1854685030095,0.6199496388435364,scoop
0.08215478413245257,117.99094946004075,81.47895902047362,0.08085960149765015,124.31134769424855,71.87833229391492,0.11399030685424805,110.93926930705862,71.51063852273073,0.1791883111000061,124.55367745128589,72.6347511380563,0.04372742772102356,97.54743761589555,77.64527732760062,0.10444220900535583,142.31773999878405,91.55995706639865,0.046852320432662964,-51.04886451120043,20.786536250132997,0.04540342092514038,147.33671789503285,149.3783052793273,0.052810996770858765,50.623749016787755,40.30786358428836,0.030521243810653687,168.7523808460755,125.10366773790888,0.12367695569992065,156.65942240317972,140.3668711621474,0.07198086380958557,61.82454921856001,190.9364692895793,0.06425690650939941,61.5021998780247,193.956818933153,0.01993769407272339,226.95120726114118,256.8104072303624,0.09498447179794312,224.1779787531159,286.93665381999335,0.0684419572353363,227.89656939673517,303.9636634203247,0.12917008996009827,226.33554184019334,303.4828156348796,0.12638655304908752,scoop
0.9109892249107361,109.67170923136553,57.18197655585026,0.9387654066085815,112.67080937841988,54.65838955534108,0.8982057571411133,107.07300089676556,54.55634566132661,0.941713273525238,117.3275305603265,54.58922627371109,0.7316486239433289,108.68678705237721,55.30567540268954,0.671566903591156,124.28459434657711,68.6020224010898,0.9770033955574036,100.72159229085605,68.7684381982232,0.9896690845489502,122.06739729944371,85.0085484842382,0.9362902641296387,94.48064366203337,84.55039295241063,0.9577153325080872,127.57963781690785,94.21873575054718,0.8535628318786621,103.11635533195528,94.17454463498602,0.9629514217376709,121.37613853128042,99.52488465067943,0.9845418930053711,106.93266159829463,101.33021016992949,0.9872968196868896,165.04816433798945,115.96425572258026,0.9519377946853638,150.9363434194127,114.49956337301649,0.9211475849151611,168.84510916030825,136.03959732946257,0.9139102697372437,101.05226865538364,142.56376273901083,0.8688901662826538,scoop
0.9363613198785221,118.36578131649745,60.24702049878785,0.9709409475326538,124.16698292535568,55.9301086900763,0.9628021121025085,116.3374073310585,57.45178994501612,0.9702296853065491,85.34318204055964,31.53932697578163,0.8988107442855835,106.95246833771583,52.764223150706016,0.8000428080558777,136.53858941816637,68.64517597836743,0.9946496486663818,65.05945999798608,47.38952102364269,0.9949693083763123,152.56325688343568,87.47907408480515,0.9899371862411499,58.65531060482279,65.47990494665005,0.9572030305862427,150.69371086150292,101.22434564137738,0.9732460975646973,116.82245870508572,113.2376407370957,0.9142817854881287,91.51474474005198,91.03221076935647,0.9658178091049194,73.08849230814538,93.79700538249332,0.9899201989173889,149.44057835679112,117.6495296018133,0.9106854796409607,66.08957075423305,122.30943909878862,0.9293572902679443,143.49930462670235,160.62834624650415,0.848130464553833,53.982612223940606,154.2525888880867,0.8471178412437439,scoop
0.3325175905928892,103.22237126094359,39.47830497058913,0.2975161075592041,106.99580448610774,26.3252095025801,0.09803414344787598,99.79450507850498,34.47758641224427,0.26674503087997437,120.75195906227202,19.57350482272731,0.14213085174560547,96.15577371203946,34.10546417830056,0.1362743377685547,137.09308906287998,41.04411499973401,0.8730937242507935,101.06247482596669,45.69813769151265,0.21725818514823914,179.81745500972764,73.47680919365197,0.9357022643089294,180.67785478287635,75.99664235393361,0.27411776781082153,155.24899375113998,90.86036236833506,0.740756094455719,152.9738370546571,91.12638184068733,0.17337343096733093,175.93184296723007,97.36954804060525,0.3486914038658142,169.03323756117766,107.1957035287345,0.1338667869567871,183.70189147236746,139.60343891544565,0.09385764598846436,177.3861243103265,138.9034701692455,0.040439218282699585,187.16265607900658,185.1086924512099,0.5417117476463318,183.69008223834206,184.68154729108403,0.3392302989959717,scoop
0.8771145203534294,116.539838620197,40.09973696697547,0.9315308928489685,117.9129871412938,38.34741050631156,0.8963229060173035,114.6922367556086,33.52639981280969,0.9141534566879272,127.67129742217901,38.773233139097464,0.4793136715888977,104.58248153270915,34.19760915555843,0.5369561910629272,127.35636670301861,55.15276541505806,0.9551863670349121,93.37119907720543,49.9570675861047,0.9668993353843689,131.8760793960512,87.46121773923882,0.8078947067260742,81.94326259746626,68.52034186574735,0.9463093280792236,120.86586562576,86.90913159559673,0.8512075543403625,103.3298655706621,81.88323380882174,0.9460500478744507,115.1988938624757,90.40527937477201,0.9708597660064697,86.31264356323717,87.13580476634698,0.9855585098266602,145.62518049306908,104.39938200123116,0.926887571811676,79.43421003883452,118.74175906645185,0.9770392179489136,171.09459902989727,146.1222964038181,0.8782610893249512,71.59561275972004,157.2568722736047,0.9405162334442139,scoop
0.6860078520634595,106.56881963232613,63.94769690843872,0.8367323875427246,111.35861289176498,58.80052737224891,0.8074367642402649,102.31485923440542,58.71633982380077,0.8524864912033081,114.69567443610165,58.99695162643255,0.5839511156082153,99.20609173607735,65.17093673290447,0.605519711971283,125.8432173079554,75.24695192329615,0.8781474232673645,89.52819289864271,77.10913275930204,0.9505115747451782,134.84662720201544,94.75667931226441,0.6960892677307129,80.10794198002799,104.98295052969966,0.8976668119430542,128.09317028476107,107.67960604062804,0.5157487988471985,87.92632284795263,108.86833101858889,0.791806161403656,119.71903403909292,107.52840153438109,0.7245626449584961,92.38649064000944,113.39878423668532,0.8507272005081177,66.16228749316026,114.8286901095498,0.2696240544319153,77.50020305470271,124.08698709094571,0.6724807024002075,52.87907225612537,149.23988075107917,0.16595235466957092,52.72801024440662,150.55987881315357,0.562690019607544,scoop
0.7694881663602942,91.63606992491489,47.317596910528636,0.9092260003089905,94.17938351167317,43.51227608172346,0.8874884843826294,90.53915595266142,42.58711699845726,0.7732259631156921,103.77749431921816,41.627590016168384,0.7849792242050171,85.26435584873542,43.461677165346856,0.40823715925216675,119.87593832646829,62.63029937150414,0.9911389946937561,86.53642231388315,65.75524445173805,0.9795535802841187,135.303411224009,95.14983062150414,0.9822061061859131,77.9941692426511,100.4861794557089,0.9955418705940247,121.79690706126885,121.6646335468218,0.9273732304573059,86.86992185125092,132.5392637735211,0.9838184118270874,123.64023409001095,116.27038740462368,0.9661355018615723,92.99644737392086,122.74754743167863,0.9672368764877319,140.38202308031373,155.25217019166465,0.7678894996643066,70.8913157422255,167.47073756117766,0.38642722368240356,46.45135783035931,209.67503410369042,0.14263811707496643,42.97244298318945,208.04699849525778,0.2281825840473175,scoop
0.7804569566951078,112.80621480385153,25.361467799324007,0.9943113327026367,116.87913590368132,20.339655597850044,0.9888794422149658,106.51287271818762,21.02741879711819,0.9943110942840576,126.93798495637768,19.741232014815633,0.8911845088005066,101.29034138839069,23.555761552506386,0.5962209701538086,143.17568174132114,38.63325452990105,0.9961813688278198,98.25307942550006,46.018772644755444,0.9956246018409729,156.73157806990213,73.19989334284564,0.9609988927841187,97.68712678308154,78.83079617867675,0.9708566665649414,150.61487576377067,86.31385179809097,0.8139922618865967,110.1276382861898,88.75928054987689,0.6498167514801025,147.28379898961882,104.43001832479634,0.9552671909332275,111.07253731456714,102.78908696156068,0.9800789952278137,71.63894890811194,122.61660386616154,0.1568412482738495,80.39549593795599,123.52642252287512,0.4407859146595001,89.71600959273164,141.97419162854146,0.3330991268157959,84.88133055690662,144.41421449416345,0.5493178963661194,scoop
0.8807615146917456,106.96076864398407,71.90110915365851,0.9983208179473877,113.29335016035384,66.69724460705709,0.9979628324508667,101.87952063890748,66.52007492599785,0.9975000619888306,121.80577734564994,67.70883107463673,0.9494245648384094,96.44038872032314,65.49071226602399,0.7255881428718567,134.31697504065846,84.98411067265017,0.9984145164489746,87.73250357186285,86.52808341534686,0.9962844848632812,146.04610932940176,122.07521371804323,0.9432419538497925,88.57075435178291,126.86192553330953,0.9869188070297241,117.16588832988813,134.20989633998056,0.8611774444580078,98.18486017011946,133.8307005885974,0.8305468559265137,131.48605406052408,131.7331900392525,0.9293287396430969,92.02551637642117,136.06244988942424,0.9535176753997803,158.9600856202122,142.7710566539245,0.5284026265144348,58.57368795788243,150.46723955800098,0.8372636437416077,169.68513221592292,199.2518265423608,0.5724512338638306,52.51941606692304,196.97471054611503,0.8666013479232788,scoop
0.7626330712262321,92.44636505958172,104.81731845247143,0.9581373929977417,94.93746330765899,100.11222037823748,0.9603711366653442,90.37375542904152,101.89084598526418,0.8922275304794312,103.60099703421389,97.35631386129774,0.8603250980377197,87.93630637083538,99.07447725882326,0.47837305068969727,114.68666165719236,110.56418511654154,0.9957334995269775,87.44840510624394,114.67761919192304,0.9756510257720947,127.55726617597887,130.39357226182514,0.9560836553573608,89.63641749281828,133.10868081415674,0.8574268817901611,114.62613710633514,152.37436851174917,0.793522834777832,90.68973704534747,138.3868384454037,0.7405847907066345,126.0585443518969,145.51439693465773,0.9537729024887085,108.84458193055389,151.68100794929475,0.9568072557449341,139.0955112323687,183.27753089281373,0.7105348110198975,93.40953010529395,182.36715116389533,0.6640428304672241,174.54497934779306,205.29968617955072,0.11222058534622192,86.59711607699265,202.12676051989604,0.09894692897796631,scoop
0.6632433112929849,69.75780739394608,64.82002614537102,0.8613641262054443,75.62536692341016,59.004365794853484,0.5617132186889648,66.89573354758178,59.383490298972525,0.8755325078964233,75.83144963483403,60.144148355328156,0.23348906636238098,58.25299511623754,63.20021514298851,0.8367711305618286,85.53886265142418,81.80875370010791,0.9559363722801208,52.32336140792194,88.86781685083294,0.9906072616577148,117.67471847831044,129.23342634267846,0.7137139439582825,46.41504844338978,120.27854474138194,0.9612026214599609,99.29066223857004,94.39009432662786,0.33262258768081665,51.241302490234375,139.62655865264776,0.58524489402771,85.0643469665765,132.66068692337214,0.4321192502975464,59.283123684300534,138.94325286034018,0.9053636789321899,117.56599515328611,144.5604762214631,0.2788953185081482,57.755733742324296,164.33710476767692,0.5220198631286621,127.12335252576301,187.96973321224465,0.4831816256046295,53.170660590383335,188.13301412975744,0.7453588247299194,scoop
0.7479411538909463,92.36413681089647,53.96903219853858,0.894080638885498,96.00954760837186,47.566423527461545,0.7274717092514038,86.24061257922696,49.00909601946285,0.9019955396652222,97.21147114200815,48.76940686415142,0.4153288006782532,74.52387531443793,51.1046650808609,0.582991361618042,107.59932224852565,58.33426746412938,0.923209547996521,69.447142604724,68.37765140756095,0.9304754734039307,127.24511410011857,86.62593262668715,0.8195217847824097,87.19036532747143,95.41386407636948,0.8225936889648438,135.45474041296816,90.2247388075298,0.5089904069900513,116.24250597527055,96.98604182974374,0.40529555082321167,111.75371459485956,101.68220727824053,0.8870220184326172,101.27407920035873,108.8603246072851,0.9171417355537415,128.46303264454647,110.60432404395672,0.7844922542572021,127.96280560326485,114.34123414035902,0.8350909948348999,62.40031617160902,177.55493282807942,0.7121962308883667,62.85494496386339,175.9391873727049,0.647101879119873,scoop
0.1064371975029216,153.72451604108403,-2.1775638083075735,0.027984052896499634,118.69472993487051,-3.716682831137097,0.01457148790359497,42.24262163332929,39.416266415369655,0.03594803810119629,118.09126560790068,-4.254394282626735,0.014618605375289917,116.37796483615031,-2.978877056433533,0.018414467573165894,152.0194977637859,1.6964665182833543,0.05690312385559082,-47.03730163871082,32.32445846735735,0.060638099908828735,146.97118380654183,75.62251406420994,0.03902560472488403,116.21101468453611,75.7826779139181,0.035138458013534546,138.53561460739908,78.17785953269394,0.03449440002441406,136.37969020739604,79.79744343442212,0.03712156414985657,66.7013799170112,210.96341619231822,0.08029818534851074,135.19520444164945,78.01770458889379,0.05615663528442383,118.14183335359922,134.32308152491944,0.05900692939758301,114.58714704105364,133.9944089896948,0.13134735822677612,117.28487126094359,184.15000707722825,0.3838588297367096,115.73421018132905,184.19694121245746,0.7239065170288086,scoop
0.6580905020236969,94.74506897685129,40.40225285036555,0.918719470500946,102.95273598993799,33.26373118834737,0.9365454912185669,87.8376556277739,35.40602509613631,0.9456350803375244,111.34336597724649,40.90283167501368,0.6193356513977051,79.75271202710817,39.417063494136826,0.4935738146305084,125.22504042094783,57.345573633097494,0.9744240045547485,72.9403336224389,70.31141793217641,0.9923608899116516,144.09655262987903,98.99256071691848,0.8559736013412476,74.5452138700374,137.78144153639502,0.8736615777015686,133.7107320703885,143.45317796046632,0.794894814491272,84.58300045028273,157.07054286615394,0.24841833114624023,123.69691128860651,123.89386247568095,0.5576220750808716,90.6366578335892,121.49539457684826,0.5506188273429871,128.16895956195285,148.93776563354967,0.20516732335090637,77.05366973283226,147.71034448527178,0.617805540561676,117.15076609808185,172.1307895526812,0.18074357509613037,48.75347271039793,210.61489238813232,0.4220384657382965,scoop
0.8952241715262917,77.7420340808913,27.27277807688435,0.9685106873512268,79.52777550842049,21.951446830066725,0.9288740158081055,70.36242058304961,22.641354126689038,0.9763126969337463,82.10587557187804,22.952404096432698,0.684180736541748,63.529772331742464,21.628425093476412,0.9148445129394531,92.20596788458323,49.94531178752736,0.9879988431930542,51.23114084919139,41.76585869102627,0.9948775768280029,101.86345438085178,79.50434109580192,0.9685757756233215,60.56123726098919,74.6913702107589,0.9741027355194092,95.21175636855546,103.09017789966866,0.8464274406433105,46.331733673926934,88.17661151811771,0.6867412328720093,91.76134042702762,94.59689841660081,0.9537534117698669,56.99497326802651,92.61306287713552,0.9746463894844055,86.50201879122844,125.27304920241063,0.9000900983810425,54.49776556705223,125.5830816721638,0.9428635239601135,81.73571931712823,168.13125313487964,0.582786500453949,55.76627857490273,164.25663098287026,0.9332247376441956,scoop
0.7632241073776694,138.93949753579463,63.155445143406496,0.8142192363739014,140.44885301404426,61.2929258828961,0.7604875564575195,137.39911387402725,61.80364853677119,0.7524462938308716,142.90184288173336,60.62708457620228,0.6028110980987549,131.29885187408806,54.468417631512956,0.5811997056007385,138.47195517692123,69.77458760896081,0.8198786377906799,121.87991012395125,69.57656029133481,0.9224485158920288,141.79371637129137,77.97451984093811,0.7996588945388794,120.10065219745562,80.29479386741549,0.878442645072937,139.80077008792864,90.48594908955496,0.681990385055542,125.19497407549551,88.09283364143818,0.7024492025375366,131.64479296495017,93.28078333042012,0.8850498199462891,123.07394302308793,93.91719061113054,0.9613298177719116,129.93430646013195,116.26007436314447,0.6969356536865234,122.8950945783682,114.26998687625395,0.8717840313911438,131.85039475734132,133.15345971964678,0.4976201057434082,130.01291000425584,131.51496857520672,0.7460582256317139,scoop
0.433556269196903,116.03670825290311,100.44702908408318,0.38112422823905945,122.40425436413244,94.19517071794444,0.47497692704200745,31.543633724464982,46.22652521393179,0.3967047333717346,138.24599447881204,93.25219536569796,0.5681883692741394,23.772685722618263,46.7392962266499,0.34699827432632446,143.38258379628223,126.863599844016,0.6481822729110718,14.914776100722733,70.37031715482127,0.8624998331069946,77.75578480286357,106.10623489558002,0.2922345995903015,7.6223380834675964,99.45439438875547,0.6870836019515991,57.323832827319436,106.94802132098128,0.23744264245033264,24.800578907769946,110.90366942409412,0.18757390975952148,132.48424604245199,197.19714450465102,0.27379629015922546,18.892159072341627,113.67000475931725,0.4455398917198181,136.9072049508299,197.18326909996657,0.2641257643699646,92.69543658898499,231.8702489949386,0.1642838716506958,110.42251290050464,286.1550535209448,0.6084223389625549,91.1539040650839,276.91909255684584,0.5312790274620056,scoop
0.06535922429140877,138.41100314247933,69.41589771077791,0.01855584979057312,138.22921574811528,58.696078883070896,0.009987354278564453,135.80780623024077,66.0991683544352,0.014742404222488403,149.72022386840348,58.995958617689084,0.011166483163833618,117.88813965793716,60.67294109656189,0.008831769227981567,159.6762987426283,57.75605583933077,0.03650084137916565,126.81604526386187,92.37946090995106,0.016012370586395264,168.92611729959572,67.14818190044002,0.026273638010025024,130.43086426731216,90.48706232805661,0.08477535843849182,172.3898564795112,93.25268519063869,0.08188468217849731,138.79290628989847,94.00068349875366,0.057102590799331665,54.74533199800128,210.07897046753405,0.027820676565170288,144.5355070240303,99.68141488991823,0.053925007581710815,64.81684525189233,225.4884178072562,0.026532739400863647,133.8087861176131,122.72356382139927,0.042104572057724,163.65622435098493,163.34616219487174,0.2242245376110077,163.1741653620501,163.54506674443704,0.37066593766212463,scoop
0.7699997530264013,159.48849095444737,16.403078383508824,0.9158477783203125,165.390329323854,14.366172538193284,0.8315006494522095,154.57828981867098,13.064967055265079,0.8835467100143433,137.3101794766081,15.521736367667232,0.6057758331298828,138.36645579059766,16.024146469650567,0.6712343096733093,156.0066015340011,36.097366243948734,0.9906344413757324,113.63230901933366,44.57630498863844,0.9818159341812134,176.80447945798883,71.33933783505213,0.9836525917053223,108.90045759742827,81.32284735891142,0.8874549865722656,137.6190185546875,100.69771258283683,0.9656599164009094,112.34857581468873,109.65324431541829,0.7497644424438477,158.4416370911357,111.73715554322715,0.8830248713493347,126.92500014249453,106.80481432013012,0.8306108713150024,84.6681676486123,11.093686619621307,0.31664979457855225,84.92793517353934,11.999850514334,0.48784637451171875,88.51858354264198,48.336325916334815,0.575809895992279,89.7017334221866,49.43152995424976,0.5291664004325867,scoop
0.04779482589048498,99.59013230141963,46.745472473857006,0.025780528783798218,98.34887137208932,40.630426666616,0.016677677631378174,99.19995556545629,45.33394839513163,0.024024933576583862,104.62640547102993,38.364131348606215,0.029274433851242065,98.82211351209114,47.66130707143346,0.04108637571334839,139.3027695236503,63.781330093799404,0.08093732595443726,107.23911389302651,60.41640641624362,0.07269424200057983,157.77141407769943,88.3716419976973,0.053184568881988525,109.14811308745746,78.19839655657223,0.05807769298553467,141.96960805455072,95.30562167037786,0.22763168811798096,140.37817572805204,95.74095135996778,0.05033707618713379,53.70322498366063,178.1544251200754,0.02356162667274475,129.0685987658074,111.60013814844511,0.03527802228927612,78.29709479780976,225.0708554041525,0.020731717348098755,132.24758044291102,135.71195787956742,0.021077334880828857,157.0987864690996,262.4314245082989,0.016416817903518677,153.21992510487598,262.72360953839376,0.01573997735977173,scoop
0.11076032589463626,126.47421870250184,86.84898109287604,0.1004718542098999,127.57196092420051,84.26257181724222,0.08330497145652771,126.74335524265868,85.81706243730241,0.06717824935913086,148.17798777776935,83.33611692436011,0.1541961133480072,132.5038568518969,83.36767055645063,0.03457936644554138,172.35268321946438,95.44856149398863,0.159756600856781,131.08637472071072,105.64817732874059,0.1546936333179474,150.5692418911114,113.17530828691179,0.10763776302337646,118.26343462161054,130.1243110389561,0.13940736651420593,152.89113679284716,81.01360751497143,0.14018923044204712,162.3546615184977,137.82926626242553,0.22958692908287048,157.72093539108099,121.75920538401326,0.10029998421669006,155.69523317804598,123.66866768566088,0.08966132998466492,62.578639167755966,207.97290134058852,0.05463573336601257,131.4423972994437,133.4080618179262,0.043828725814819336,175.55164975414945,134.2857479585284,0.1297077238559723,172.01725110005776,135.7548131089266,0.0937899649143219,scoop
0.2137155550367692,115.922035781326,65.33463622809384,0.22636359930038452,118.70303024113875,66.3059412737301,0.37602078914642334,117.18049401902968,66.73037458486594,0.18057170510292053,132.2918606175523,75.43654089307971,0.2985219359397888,116.43759879620623,72.0595986926602,0.0657171905040741,129.17876484792984,64.93362990798654,0.2199837863445282,132.5284727816452,97.71885556469633,0.22536292672157288,134.04778506505352,91.18594455347915,0.19801554083824158,112.61687519949234,92.39688086602474,0.12883028388023376,136.44739292011187,94.45002218164824,0.1867676079273224,156.04379260586396,97.51944337837428,0.16363826394081116,122.03873808745746,97.90979823249788,0.209461510181427,120.47119140625,98.88756006144365,0.19172579050064087,124.93308694446134,114.66400205857096,0.14517968893051147,134.81175166623603,106.79349491104543,0.11122709512710571,112.77132145625609,161.15411543196743,0.23603811860084534,110.13960782655948,161.76536352254075,0.46973860263824463,scoop
0.8239819758078631,92.58269669944676,53.01585958161707,0.896569013595581,90.89484901279792,56.55932445006612,0.8854507207870483,86.57768338570799,57.17323095418136,0.8790767192840576,96.00580712700634,41.27915081810859,0.5728628039360046,79.61320988399046,54.69535352654958,0.7236383557319641,101.8016830028727,45.77882521811163,0.9755143523216248,73.82882262946103,47.28028115595362,0.9640223979949951,119.40449517988509,56.42825620183685,0.9289674758911133,62.459460306724225,75.9330185470878,0.7859979867935181,114.65285483037454,65.98953662679354,0.8189325332641602,72.00076032705344,75.05742529486868,0.6401495337486267,96.68145383842261,81.38892029046085,0.9491932392120361,75.67302243718842,79.04966777400749,0.8640670776367188,112.38019178813533,99.72504493327457,0.9549272060394287,53.434872163408926,103.21452218734801,0.7479843497276306,125.01578720627128,137.1087604923471,0.8914015293121338,23.649891062933193,133.34130313145977,0.5289382934570312,scoop
0.7170250485925114,106.58217849434584,76.7839157163865,0.6292241215705872,105.92736270177227,70.94660510348903,0.3185760974884033,104.70217693640566,72.33741404017586,0.6118885278701782,104.85583947326424,65.4214821900839,0.2690654993057251,92.2011230706241,66.23672010369802,0.6318352222442627,98.93833561166252,80.8792351748693,0.8453575372695923,82.59350965922908,77.96466100076758,0.8619725704193115,117.29114102018482,112.8272832135746,0.714942455291748,50.79388748347064,99.51118736415522,0.6927088499069214,128.4659003469267,129.47291511505958,0.6829587817192078,72.7270460314324,117.21891113756233,0.6679132580757141,84.04339148376704,113.54798491362932,0.8787456750869751,67.88120789286693,112.20359356950694,0.9387376308441162,101.40654567614604,145.9830525320328,0.7935389280319214,79.39830141772558,146.27000979412392,0.9119598865509033,95.6915176332229,180.365673020656,0.8193347454071045,82.83554552130198,180.2024989740394,0.9206660389900208,scoop
0.7886524200439453,100.69426896507176,70.83260502796693,0.9975950121879578,106.3601898312105,66.2584772369741,0.9952689409255981,93.79031110830346,65.85763567616505,0.9944149255752563,116.693109297103,64.19356231095726,0.9323426485061646,87.41832094897558,65.11352034394379,0.6713507175445557,128.9517532526751,86.31323729043805,0.9913491010665894,84.55275598667012,83.89858735674551,0.9905168414115906,142.68972196467658,132.40864972660052,0.9281520843505859,78.05936048930721,124.35033479089404,0.9164600372314453,163.9868829036965,198.87371731175523,0.7680680155754089,77.29550966492887,138.27612910289247,0.8412920236587524,118.93362201141477,125.90414856194523,0.6028202772140503,88.93310903111322,126.11354427114999,0.8538833856582642,155.31888731722702,140.87685017270337,0.2816714644432068,68.9752096332001,149.2816850832928,0.5549167394638062,163.31409498875246,202.43647237696075,0.5071149468421936,45.94944757246323,196.50868219160387,0.5798739790916443,scoop
0.20058878242750378,203.9059590736716,174.22651001451544,0.14376157522201538,202.11307510791588,172.18360158719906,0.07281813025474548,196.91115204926132,171.44435778666102,0.1582922637462616,193.6996638079098,174.1851153540704,0.050966501235961914,192.34480802187198,169.259970104648,0.35048240423202515,197.8782802240394,188.28954436899625,0.319068968296051,175.97181268239302,187.8496637604116,0.5493358373641968,171.7498779296875,204.3693572166829,0.1608896553516388,171.9070672061193,206.65952927407588,0.5963665843009949,178.3656851326909,236.4916137220331,0.08499577641487122,171.51454821634852,241.9503475441543,0.7446075677871704,223.17136178220755,284.39604762927104,0.044915348291397095,194.40376489542803,300.96675412664155,0.08669587969779968,233.96473450419506,290.31984796783803,0.01517370343208313,173.5429400136035,188.98753600361746,0.018120229244232178,245.60639496443338,301.8577011642753,0.006637752056121826,246.56410068853359,301.24162607155887,0.006881124339997768,scoop
0.8116170834092533,132.35163707213644,73.62135208070511,0.9963792562484741,137.82926923106155,66.7006377580101,0.9952765703201294,128.0545186439841,66.6597462813678,0.9959543347358704,149.32816798584935,64.03263700611397,0.9564991593360901,120.77044772730727,65.06374967701241,0.622037947177887,166.55694983812623,83.54561950446103,0.9916871786117554,117.0950507375517,89.74401570479694,0.9932241439819336,170.1888681849617,123.91705346014714,0.8868765830993652,111.37444759621232,120.50498635852384,0.960885226726532,156.21092087563838,142.33294832103448,0.6429988145828247,111.80431796419018,139.73887996450938,0.772824764251709,157.7907220862719,132.27360053748936,0.9191235303878784,130.58771511923942,139.9797224349085,0.9508646726608276,151.17628639310252,178.03683151067,0.6403536796569824,114.7285906721182,163.11384267844116,0.7863532900810242,161.87181880965773,221.76414519432456,0.52323317527771,155.8137351900687,221.12733714775354,0.1629180908203125,scoop
0.8740980309598586,139.87796649858646,50.492526399486266,0.9784126281738281,143.9143021282983,44.28244119488312,0.9562035799026489,68.91904007136127,39.80291641175979,0.9255419969558716,154.5854857923456,43.99579563957244,0.9008102416992188,63.82562659593873,38.75514078696878,0.5710557103157043,94.2627606224921,61.057698587499246,0.9787664413452148,56.464074279547674,57.725526386661755,0.983970046043396,173.56928368950634,96.99466274870045,0.9610583782196045,143.59881924284107,98.8606018778879,0.9570737481117249,161.93686756178565,102.9587088855788,0.9462815523147583,159.06604811375246,102.64821330860896,0.5895923376083374,168.93443541767996,111.81865350745532,0.9341232776641846,150.33425060227688,113.56416694848919,0.9417107701301575,141.09561786577396,121.00890044572289,0.7270320057868958,59.79353908434916,112.29526208068611,0.8609412908554077,127.56768608835421,167.6470923516537,0.8712332844734192,23.54737960874803,171.0698109192607,0.7758592367172241,scoop
0.7873999844579136,120.92207971713887,69.10008530672422,0.9142659902572632,115.98808199515139,64.4405008753914,0.3052714169025421,117.07608115348373,63.436760512771315,0.8927333354949951,98.26016852827851,63.204209442732406,0.09060758352279663,104.53182472793046,65.48454047177088,0.9544804692268372,101.92834282663546,81.5713845338339,0.9543907642364502,88.92722222591652,83.75609282853539,0.9626947641372681,130.94868938282772,112.27484083361199,0.8440263271331787,121.72124246678928,122.06903301788212,0.862037718296051,145.80922998806847,132.79684935098493,0.9119843244552612,145.08838579348554,131.1514650337427,0.8436239957809448,60.715496493684654,113.01425384640231,0.8864597082138062,58.536799686892024,114.77847860017177,0.8750818967819214,103.59617003207077,127.41005745379378,0.6846253275871277,115.73974965611322,138.05251956449874,0.7794841527938843,74.3693578104101,175.5667957350438,0.7959402203559875,78.13604035730029,186.6965624145033,0.8280917406082153,scoop
0.6399182256530312,96.90028981012131,64.8909483438336,0.9356117248535156,100.68443684262525,59.99667987749271,0.8568601608276367,92.33249411972582,61.9458669818329,0.8952064514160156,108.64070788431727,59.70820861103934,0.4420217275619507,85.33661838635396,63.61462485465559,0.6396963596343994,118.50669059308123,78.29159688392966,0.9468889832496643,72.49344406424794,84.22113262725712,0.9518156051635742,133.47675605506748,105.7815878307773,0.7747776508331299,64.326298932621,106.13243607695465,0.7220572829246521,129.4950314532922,129.38866522525535,0.7388691306114197,118.32894648095515,131.96524237844267,0.6163415908813477,114.3681329511947,120.97299182461394,0.4972755014896393,79.9559893775079,117.36621485609953,0.44206127524375916,134.60534834212368,129.50250944738724,0.1953289806842804,64.64580728850012,104.8289584742446,0.6379517316818237,135.94958828580982,146.64011261342566,0.32445311546325684,41.92393262098736,152.92138719373176,0.2613925635814667,scoop
0.754504053031697,93.45916273065114,97.4377405782618,0.9964039325714111,97.32473648011918,92.32873285790826,0.9853087663650513,89.54096397073354,94.18541874867006,0.9946308135986328,107.94893257348917,92.99147490861351,0.8497298955917358,82.91345440460088,97.33755801902207,0.4944630265235901,119.7862914564081,107.63389201479664,0.980880618095398,88.50297148589496,120.64178110560555,0.9683499336242676,130.5113914875669,133.79111382747902,0.4940178096294403,91.68372543869316,150.47133627568704,0.9490824937820435,175.7948701019881,211.9082261616154,0.8825047016143799,97.59341881896736,156.75994041828795,0.8786158561706543,138.68961556876218,144.52964396792163,0.9304453134536743,114.88868327456225,150.4533463415005,0.7794981002807617,161.69231132774502,172.16703659829463,0.6713911294937134,87.90901866868313,187.8997149634454,0.4909099340438843,179.34871925918046,215.67139978074843,0.18838125467300415,78.346754140891,214.41582705724102,0.2919553220272064,scoop
0.7427494929117315,113.64287142623724,135.9319338074918,0.9984495639801025,120.12977451665856,128.40654840729115,0.998526930809021,105.02270056579829,129.51830852820254,0.9980456829071045,135.14488606137525,126.37431816368252,0.9920810461044312,101.64818077235836,131.06563879822016,0.40177392959594727,156.45415903529306,147.7759454036965,0.9973486661911011,103.31994438913546,163.32469895656007,0.996485710144043,184.50808988934827,188.38530069195343,0.9753633737564087,109.11384315342292,207.4601169690084,0.963567852973938,150.97002556351836,218.50041489656797,0.8886579275131226,118.47952757364118,232.30507104777178,0.9283779859542847,169.48806228340834,217.93054365462368,0.8933881521224976,128.16771273483099,221.15385894181665,0.8806237578392029,145.66759042702762,245.97802663127737,0.22065815329551697,129.85422453527787,248.4516069582928,0.3633039593696594,126.71581817508209,281.5662487935463,0.06487575173377991,127.8135069613327,265.98641362171696,0.06521293520927429,scoop
0.20554749054067276,120.15120213133818,86.1330885831484,0.6979121565818787,122.77905059695709,76.7519078829873,0.5616582632064819,121.22518339045783,73.63527201492963,0.17941692471504211,140.57952049641295,80.7448984583992,0.6089624762535095,120.72125149144273,77.30931085371323,0.02731907367706299,165.8870296255624,103.37906774379864,0.34009236097335815,119.75952029692061,109.14005917797758,0.1884036660194397,184.4491149664853,136.32273395701606,0.3039531111717224,113.58380744429414,118.71400825708294,0.14047911763191223,147.44830892243738,175.29603831962854,0.0959869921207428,141.17272521735165,169.58980931382237,0.05850505828857422,189.38526791821195,183.22879776416588,0.13895291090011597,154.7135171259424,175.55585928000366,0.04611125588417053,233.69522391590164,265.1008991879712,0.042073071002960205,229.5598011536357,283.6424475050158,0.02904227375984192,168.2608281591987,181.20364771742766,0.021924257278442383,152.18509421738207,177.82241286934584,0.01351436972618103,scoop
0.5731290964519277,101.05198366632723,79.73692778947289,0.9616841077804565,102.74934286273407,75.46790750110196,0.9478098750114441,96.00570025611017,75.14606579732339,0.9446189999580383,111.2934750805569,77.26744418014349,0.8815814256668091,91.26198616473127,77.52048774452062,0.3554728627204895,123.43447199127556,93.38830435786267,0.9335526823997498,88.40986912352565,109.83801518896675,0.8591026067733765,154.91489751793532,150.02265662998542,0.7004182934761047,89.69105523847884,125.92207615477567,0.45426949858665466,128.50895150626218,122.22025533594511,0.602756917476654,93.4513255315996,123.26681530429232,0.6599264144897461,127.17995847709449,128.11633158286722,0.3190006613731384,109.50454533795903,128.02833230578946,0.4981028735637665,128.02128179527907,126.2798353855712,0.15885934233665466,96.49465241784716,132.7177648878283,0.3496192693710327,123.7233440235895,136.97004206913456,0.04364880919456482,85.37893035532437,161.3024878594662,0.07276999950408936,scoop
0.2597462938112371,194.05419019409655,117.66020778552104,0.5398963093757629,194.8448210838704,106.66795723169231,0.43033668398857117,185.042996536433,110.6466271070191,0.4129210412502289,203.37785654030887,113.41971312051618,0.32374364137649536,178.73834394759243,112.61326533811102,0.1410517692565918,213.26827706066086,146.44154648836485,0.46311402320861816,171.68532790840834,143.84688143600286,0.7452799081802368,210.84720596729085,189.13836646172788,0.16449153423309326,161.41195334349163,179.30667149881447,0.450786828994751,133.0428067812196,255.71325279859255,0.12374734878540039,138.0510619642206,253.17211225338949,0.2074088752269745,202.22974250288792,220.58386301716016,0.1267436146736145,183.16892631322958,220.64435194438536,0.13223311305046082,172.6139825605697,224.1012157633147,0.04962348937988281,170.96913259780825,226.2313308418957,0.03306916356086731,137.49857505471792,257.1783459140169,0.031020671129226685,130.39418973811408,260.6916375661175,0.04021897912025452,scoop
0.7604819097939659,117.94237663773711,77.6669008722565,0.9990823268890381,126.4328952893209,68.07339887210831,0.9975733757019043,106.45778077121838,67.44013982988054,0.9983657598495483,139.16419359496595,67.37476155915613,0.9837000966072083,95.4991233024152,64.15410913845909,0.9484052658081055,158.99335809254927,91.05376306674825,0.9988225698471069,84.72466672904761,101.45255062830589,0.9937423467636108,166.9703442762798,142.9534229323094,0.9934259653091431,92.90414654327276,156.99282991283135,0.9237256646156311,144.77865612460482,172.8986213179414,0.9926826357841492,109.76023395701606,189.33540077061042,0.8510664701461792,147.6239512402724,172.4841937944583,0.9272424578666687,110.57238152054961,177.5087467891233,0.9050803184509277,139.18758050940846,242.1150534069492,0.20515850186347961,102.36991555774259,240.41427434186528,0.07702958583831787,92.74172059292923,261.2529057009211,0.06378844380378723,86.8538912168273,257.90679575404306,0.06930068135261536,scoop
